ns_code,uic,gtfs_name,lat,lon,operators,n_trips,gtfs_parent_id,n_platform_stops,iff_transfer_minutes,recommended_status,review_reason,epiap_status,epiap_station_access,epiap_quays,epiap_quays_sf_true,epiap_quays_sf_false,epiap_quays_sf_unknown,epiap_lifts,epiap_ramps,epiap_path_links,topology_via_halls,epiap_date,reg_lifts,reg_lift_status,reg_ramps,gtfs_wb_status,gtfs_wb_1,gtfs_wb_total,ns_tgst_status,ns_rast,pr2020_status,pr2020_category,pr2020_date,pr2020_note,osm_status,osm_wheelchair,osm_elevators_250m,osm_objects,pr_boarding_status,pr_board_tracks,pr_board_tracks_ok,pr_board_statuses
HT,8400319,'s-Hertogenbosch,51.6903332437,5.29457330704,Arriva|NS|NS International,3413,stoparea:489933,12,5,yes,,yes,true,5,5,0,0,5,2,32,some tracks connected,2026-09-29,5,VRIJ,,yes,12,12,yes,true,yes,Bereikbaar Perron,2019-05-03,,yes,yes,5,1,partial,5,4,Herstel|Toegankelijk
HTO,8400320,'s-Hertogenbosch Oost,51.700797,5.31849,NS,386,stoparea:489906,2,4,yes,,yes,true,2,2,0,0,2,0,4,all tracks connected,2026-09-29,2,VRIJ,,yes,2,2,yes,true,yes,Bereikbaar Perron,2019-05-03,,unknown,,2,1,yes,2,2,Toegankelijk
HDE,8400388,'t Harde,52.4091965174,5.8928963542,NS,433,stoparea:489910,2,5,yes,,yes,true,4,4,0,0,0,3,6,all tracks connected,2026-09-29,,,,unknown,0,2,no,true,yes,Bereikbaar Perron,2019-05-03,,yes,yes,0,1,partial,2,1,Herstel|Toegankelijk
ATN,8400045,Aalten,51.9213877311,6.5787345171,RRReis Arriva,131,stoparea:18227,2,2,yes,,yes,true,2,2,0,0,0,1,2,all tracks connected,2026-09-29,,,,yes,2,2,yes,true,yes,"Bereikbaar Perron, voldoet niet",2019-05-03,,partial,limited,0,1,yes,2,2,Toegankelijk
AC,8400047,Abcoude,52.2796589706,4.97645795345,NS,1185,stoparea:18040,2,2,yes,,yes,true,2,2,0,0,1,0,3,all tracks connected,2026-09-29,1,VRIJ,,yes,2,2,yes,true,yes,Bereikbaar Perron,2019-05-03,,yes,yes,1,1,yes,2,2,Toegankelijk
AKM,8400049,Akkrum,53.0476180204,5.84292411804,NS,267,stoparea:18263,2,2,yes,,yes,true,2,2,0,0,0,1,2,all tracks connected,2026-09-29,,,2,unknown,0,2,no,true,yes,Bereikbaar Perron,2019-05-03,,unknown,,0,1,no,2,0,Nog te doen
AMR,8400050,Alkmaar,52.6377769745,4.74080443382,NS,2497,stoparea:17941,5,5,yes,"other source says no; lifts/ramps present, likely upgraded since",yes,true,5,5,0,0,4,0,16,some tracks connected,2026-09-29,4,VRIJ,,yes,5,5,yes,true,yes,Bereikbaar Perron,2019-05-03,,no,no,4,1,partial,5,1,Herstel|Toegankelijk
AMRN,8400052,Alkmaar Noord,52.643807,4.76386,NS,1851,stoparea:18077,2,4,yes,"other source says no; lifts/ramps present, likely upgraded since",yes,true,2,2,0,0,2,0,6,all tracks connected,2026-09-29,2,VRIJ,,yes,2,2,yes,true,no,Onbereikbaar Perron,2019-05-03,,partial,limited,0,1,yes,2,2,Toegankelijk
AML,8400051,Almelo,52.3569415007,6.65620207787,Blauwnet Arriva|Blauwnet Keolis|NS,1018,stoparea:17931,7,2,yes,,yes,true,3,3,0,0,3,0,7,all tracks connected,2026-09-29,3,VRIJ,,yes,7,7,yes,true,yes,Bereikbaar Perron,2019-05-03,,yes,yes,3,1,yes,3,3,Toegankelijk
AMRI,8400520,Almelo de Riet,52.3422351688,6.66659832001,Blauwnet Keolis|NS,169,stoparea:18075,2,4,yes,,yes,true,2,2,0,0,0,2,4,all tracks connected,2026-09-29,,,,yes,2,2,yes,true,yes,Bereikbaar Perron,2019-05-03,,yes,yes,0,1,yes,2,2,Toegankelijk
ALMB,8400081,Almere Buiten,52.3941540419,5.27793824673,NS|NS International,1310,stoparea:18030,2,4,yes,,yes,true,2,2,0,0,2,0,4,all tracks connected,2026-09-29,2,VRIJ,,yes,2,2,yes,true,yes,Bereikbaar Perron,2020-07-21,,yes,yes,0,1,yes,2,2,Toegankelijk
ALM,8400080,Almere Centrum,52.3750162436,5.21760463715,Arriva|European Sleeper|NS|NS International,2434,stoparea:17827,4,4,yes,,yes,true,4,4,0,0,2,0,16,all tracks connected,2026-09-29,2,VRIJ,,yes,4,4,yes,true,yes,Bereikbaar Perron,2019-05-03,,yes,yes,2,1,yes,4,4,Toegankelijk
ALMM,8400082,Almere Muziekwijk,52.3677060023,5.19068598747,NS,1392,stoparea:18025,2,4,yes,,yes,true,2,2,0,0,0,2,0,not modelled,2026-09-29,,,,unknown,0,2,no,true,yes,"Bereikbaar Perron, voldoet niet",2019-05-03,,unknown,,0,1,no,2,0,Nog te doen
ALMO,8400226,Almere Oostvaarders,52.4031487234,5.30027031898,GoVolta|NS,1133,stoparea:17899,4,4,yes,,yes,true,4,4,0,0,2,0,4,all tracks connected,2026-09-29,2,VRIJ,,yes,4,4,yes,true,yes,Bereikbaar Perron,2019-05-03,,unknown,,2,1,yes,4,4,Toegankelijk
ALMP,8400104,Almere Parkwijk,52.3767355466,5.24464130402,NS,1130,stoparea:18034,2,4,yes,,yes,true,2,2,0,0,2,2,4,all tracks connected,2026-09-29,2,VRIJ,2,yes,2,2,yes,true,yes,Bereikbaar Perron,2019-05-03,,unknown,,0,1,yes,2,2,Toegankelijk
AMPO,8400450,Almere Poort,52.3429466,5.1522517,NS,1492,stoparea:17776,2,4,yes,,yes,true,2,2,0,0,2,0,4,all tracks connected,2026-09-29,2,VRIJ,,unknown,0,2,no,true,yes,Bereikbaar Perron,2019-05-03,,yes,yes,2,1,partial,2,1,Herstel|Toegankelijk
APN,8400053,Alphen a/d Rijn,52.1247348974,4.65755939484,NS|R-net NS,1302,stoparea:18304,5,4,yes,,yes,true,3,3,0,0,3,0,6,all tracks connected,2026-09-29,3,VRIJ,,partial,3,5,yes,true,yes,Bereikbaar Perron,2019-05-03,,yes,yes,2,1,yes,3,3,Toegankelijk
AMF,8400055,Amersfoort Centraal,52.1534182404,5.37398815155,European Sleeper|GoVolta|NS|NS International|RRReis Keolis,3798,stoparea:345453,9,5,yes,,yes,true,6,6,0,0,4,0,27,all tracks connected,2026-09-29,4,VRIJ,1,unknown,0,9,no,true,yes,Bereikbaar Perron,2019-05-03,,yes,yes,5,1,partial,6,1,Herstel|Toegankelijk
AMFS,8400054,Amersfoort Schothorst,52.1747146623,5.4040235281,NS,959,stoparea:17877,3,4,yes,,yes,true,3,3,0,0,1,2,6,all tracks connected,2026-09-29,1,VRIJ,,yes,3,3,yes,true,yes,Bereikbaar Perron,2019-05-03,,yes,yes,1,1,yes,3,3,Toegankelijk
AVAT,8400228,Amersfoort Vathorst,52.192193,5.43342,NS,689,stoparea:17944,3,5,yes,,yes,true,3,3,0,0,3,2,11,all tracks connected,2026-09-29,3,VRIJ,,yes,3,3,yes,true,yes,Bereikbaar Perron,2019-05-03,,unknown,,3,1,partial,3,2,Herstel|Toegankelijk
ASA,8400057,Amsterdam Amstel,52.346741305,4.91886556149,NS,3539,stoparea:18186,2,4,yes,,yes,true,2,2,0,0,3,0,15,all tracks connected,2026-09-29,3,VRIJ,,unknown,0,2,no,true,yes,Bereikbaar Perron,2019-05-03,,unknown,,,,partial,2,1,Herstel|Toegankelijk
ASB,8400074,Amsterdam Bijlmer ArenA,52.3122043862,4.94710922241,Arriva|NS|NS International,2884,stoparea:18187,6,5,yes,,yes,true,6,6,0,0,4,0,32,all tracks connected,2026-09-29,4,VRIJ,,yes,6,6,yes,true,yes,Bereikbaar Perron,2019-05-03,,yes,yes,0,1,yes,6,6,Toegankelijk
ASD,8400058,Amsterdam Centraal,52.3789197836,4.90088939667,Arriva|European Sleeper|GoVolta|NS|NS International,9819,stoparea:18188,24,5,yes,,yes,true,11,11,0,0,15,0,138,all tracks connected,2026-09-29,11,VRIJ|VRIJ PRCB,,unknown,0,24,no,true,yes,"Bereikbaar Perron, voldoet niet",2019-05-03,,yes,yes,17,1,no,11,0,Herstel
ASHD,8400231,Amsterdam Holendrecht,52.2982836496,4.95985507965,NS,1189,stoparea:18317,2,4,yes,,yes,true,2,2,0,0,2,0,4,all tracks connected,2026-09-29,2,VRIJ,,yes,2,2,yes,true,yes,Bereikbaar Perron,2019-05-03,,unknown,,,,yes,2,2,Toegankelijk
ASDL,8400079,Amsterdam Lelylaan,52.3578899698,4.8340433836,NS,1974,stoparea:18184,2,2,yes,,yes,true,2,2,0,0,1,0,5,all tracks connected,2026-09-29,1,VRIJ,,unknown,0,2,no,true,yes,Bereikbaar Perron,2019-05-03,,yes,yes,1,1,partial,2,1,Herstel|Toegankelijk
ASDM,8400060,Amsterdam Muiderpoort,52.360987505,4.93115544319,NS,2214,stoparea:18117,4,4,yes,,yes,true,4,4,0,0,2,0,6,all tracks connected,2026-09-29,2,VRIJ,,unknown,0,4,no,true,yes,Bereikbaar Perron,2019-05-03,,yes,yes,2,1,partial,4,2,Herstel|Toegankelijk
RAI,8400056,Amsterdam RAI,52.3369615869,4.89031344652,NS|NS International,1211,stoparea:17974,4,4,yes,,yes,true,4,4,0,0,2,0,21,all tracks connected,2026-09-29,2,VRIJ|VRIJ PRCB,,unknown,0,4,no,true,yes,Bereikbaar Perron,2019-05-03,,yes,yes,3,1,no,4,0,Nog te doen
ASSP,8400235,Amsterdam Science Park,52.3523151697,4.95049953461,NS,1027,stoparea:17952,2,4,yes,,yes,true,2,2,0,0,2,0,4,all tracks connected,2026-09-29,2,VRIJ,,unknown,0,2,no,true,yes,"Bereikbaar Perron, voldoet niet",2019-05-03,,yes,yes,2,1,no,2,0,Herstel
ASS,8400059,Amsterdam Sloterdijk,52.3885625372,4.83716011047,NS,8771,stoparea:18177,10,5,yes,,yes,true,10,10,0,0,7,0,27,all tracks connected,2026-09-29,9,VRIJ,,yes,10,10,yes,true,yes,Bereikbaar Perron,2019-05-03,,yes,yes,5,1,yes,10,10,Toegankelijk
ASDZ,8400061,Amsterdam Zuid,52.3388200309,4.87286567688,Arriva|GoVolta|NS|NS International,3890,stoparea:18146,4,4,yes,,yes,true,4,4,0,0,2,0,8,all tracks connected,2026-09-29,2,VRIJ,,unknown,0,4,no,true,yes,Bereikbaar Perron,2019-05-03,,yes,yes,5,1,partial,4,2,Herstel|Toegankelijk
ANA,8400065,Anna Paulowna,52.8676984353,4.81146991253,NS,977,stoparea:18060,2,4,yes,,yes,true,2,2,0,0,0,3,7,all tracks connected,2026-09-29,,,,yes,2,2,yes,true,yes,Bereikbaar Perron,2019-05-03,,yes,yes,0,1,yes,2,2,Toegankelijk
APD,8400066,Apeldoorn,52.2095494406,5.96859633923,NS|NS International|RRReis Arriva,1031,stoparea:18305,4,4,yes,,yes,true,4,4,0,0,2,1,11,some tracks connected,2026-09-29,2,VRIJ,,yes,4,4,yes,true,yes,"Bereikbaar Perron, voldoet niet",2019-05-03,,yes,yes,2,2,yes,4,4,Toegankelijk
APDM,8400233,Apeldoorn De Maten,52.2051476843,6.00063800812,RRReis Arriva,92,stoparea:17954,1,2,yes,,yes,true,1,1,0,0,0,2,2,all tracks connected,2026-09-29,,,,yes,1,1,yes,true,yes,Bereikbaar Perron,2019-05-03,,yes,yes,0,1,yes,1,1,Toegankelijk
APDO,8400229,Apeldoorn Osseveld,52.2158570972,6.00641548634,NS,303,stoparea:17953,2,4,yes,,yes,true,2,2,0,0,0,2,4,all tracks connected,2026-09-29,,,,yes,2,2,yes,true,yes,"Bereikbaar Perron, voldoet niet",2019-05-03,,yes,yes,0,1,yes,2,2,Toegankelijk
APG,8400067,Appingedam,53.3258110056,6.86195969582,Arriva,130,stoparea:18306,2,4,yes,,yes,true,2,2,0,0,0,3,4,all tracks connected,2026-09-29,,,2,yes,2,2,yes,false,yes,"Bereikbaar Perron, voldoet niet",2019-05-03,,yes,yes,0,1,yes,2,2,Toegankelijk
AKL,8400068,Arkel,51.8722831697,4.99302327633,R-net Qbuzz,124,stoparea:18262,1,2,yes,,yes,true,1,1,0,0,0,1,2,all tracks connected,2026-09-29,,,,yes,1,1,yes,false,yes,"Bereikbaar Perron, voldoet niet",2019-05-03,,unknown,,0,1,no,1,0,Herstel
ARN,8400069,Arnemuiden,51.501444953,3.66984665394,NS,639,stoparea:17983,2,4,yes,,yes,true,2,2,0,0,0,3,3,some tracks connected,2026-09-29,,,,yes,2,2,yes,true,yes,Bereikbaar Perron,2019-05-03,,unknown,,0,1,yes,2,2,Toegankelijk
AH,8400071,Arnhem Centraal,51.9853459706,5.89922368526,European Sleeper|GoVolta|NS|NS International|RRReis Arriva|VIAS,2864,stoparea:183059,11,5,yes,,yes,true,8,8,0,0,10,7,46,all tracks connected,2026-09-29,10,VRIJ,,unknown,0,11,no,true,yes,Bereikbaar Perron,2019-05-03,,yes,yes,7,1,partial,8,5,Herstel|Toegankelijk
AHPR,8400075,Arnhem Presikhaaf,51.9876783549,5.94304025173,NS,128,stoparea:17918,2,4,no,,no,false,2,0,2,0,0,0,0,not modelled,2026-09-29,,,,unknown,0,2,no,false,no,Onbereikbaar Perron,2019-05-03,,no,no,0,1,no,2,0,Nog te doen
AHP,8400072,Arnhem Velperpoort,51.985012291,5.91968894005,NS|RRReis Arriva,328,stoparea:17881,2,4,yes,"other source says no; lifts/ramps present, likely upgraded since",yes,true,2,2,0,0,2,0,5,all tracks connected,2026-09-29,2,VRIJ,,yes,2,2,yes,true,no,Onbereikbaar Perron,2019-05-03,,yes,yes,2,1,partial,2,1,Herstel|Toegankelijk
AHZ,8400227,Arnhem Zuid,51.9551759126,5.85187196732,NS,310,stoparea:17883,2,4,yes,,yes,true,2,2,0,0,2,0,4,all tracks connected,2026-09-29,2,VRIJ,,yes,2,2,yes,true,yes,Bereikbaar Perron,2019-05-03,,unknown,,2,1,yes,2,2,Toegankelijk
ASN,8400073,Assen,52.9922606253,6.57095074654,Arriva|NS,742,stoparea:18191,5,4,yes,,yes,true,3,3,0,0,3,3,14,all tracks connected,2026-09-29,3,VRIJ,1,yes,5,5,yes,true,yes,Bereikbaar Perron,2019-05-03,,yes,yes,3,1,partial,3,2,Herstel|Toegankelijk
BRN,8400086,Baarn,52.2083561771,5.28172016144,NS,883,stoparea:17948,3,5,yes,,yes,true,4,4,0,0,3,2,10,all tracks connected,2026-09-29,3,VRIJ,,yes,3,3,yes,true,yes,Bereikbaar Perron,2019-05-03,,yes,yes,3,1,partial,3,2,Herstel|Toegankelijk
NSCH,8400457,Bad Nieuweschans,53.1848281929,7.20052957535,Arriva,363,stoparea:30380,2,4,yes,,yes,true,2,2,0,0,0,2,2,some tracks connected,2026-09-29,,,2,yes,2,2,yes,false,yes,Bereikbaar Perron,2019-05-03,,yes,yes,0,1,yes,2,2,Toegankelijk
BF,8400089,Baflo,53.3610625661,6.51864767075,Arriva,188,stoparea:17912,2,4,yes,,yes,true,2,2,0,0,0,2,4,all tracks connected,2026-09-29,,,2,yes,2,2,yes,false,yes,Bereikbaar Perron,2019-05-03,,unknown,,0,1,partial,2,1,Herstel|Toegankelijk
BRD,8400090,Barendrecht,51.8555987842,4.55227732658,NS,1042,stoparea:18265,4,5,yes,,yes,true,4,4,0,0,4,1,11,some tracks connected,2026-09-29,4,VRIJ PRCB,,unknown,0,4,no,true,yes,Bereikbaar Perron,2019-05-03,,yes,yes,5,1,partial,4,2,Herstel|Toegankelijk
BNC,8400091,Barneveld Centrum,52.1396188273,5.59076964855,RRReis Keolis,314,stoparea:17925,2,4,yes,,yes,true,2,2,0,0,0,2,4,all tracks connected,2026-09-29,,,2,yes,2,2,yes,false,yes,Bereikbaar Perron,2019-05-03,,unknown,,0,1,partial,2,1,Herstel|Toegankelijk
BNN,8400092,Barneveld Noord,52.1609712126,5.59876799583,RRReis Keolis,232,stoparea:17923,1,2,yes,,yes,true,1,1,0,0,0,1,5,all tracks connected,2026-09-29,,,,yes,1,1,yes,false,yes,Bereikbaar Perron,2019-05-03,,yes,yes,1,1,yes,1,1,Toegankelijk
BNZ,8400115,Barneveld Zuid,52.128821,5.60232,RRReis Keolis,314,stoparea:116635,1,2,yes,,yes,true,1,1,0,0,0,2,4,all tracks connected,2026-09-29,,,,yes,1,1,yes,false,yes,Bereikbaar Perron,2019-05-03,,unknown,,0,1,yes,1,1,Toegankelijk
BDM,8400094,Bedum,53.3068360625,6.59284293652,Arriva,130,stoparea:17818,1,2,yes,,yes,true,2,2,0,0,0,1,2,all tracks connected,2026-09-29,,,1,yes,1,1,yes,false,yes,Bereikbaar Perron,2019-05-03,,yes,yes,0,1,partial,2,1,Herstel|Toegankelijk
BK,8400096,Beek-Elsloo,50.9469199343,5.78601032495,Arriva,89,stoparea:17910,2,4,yes,,yes,true,3,3,0,0,0,2,4,all tracks connected,2026-09-29,,,,yes,2,2,yes,false,yes,Bereikbaar Perron,2019-05-03,,unknown,,0,1,no,2,0,Nog te doen
BSD,8400097,Beesd,51.8992801072,5.19542276859,R-net Qbuzz,123,stoparea:18144,2,2,yes,,yes,true,2,2,0,0,0,1,2,all tracks connected,2026-09-29,,,1,yes,2,2,yes,false,yes,"Bereikbaar Perron, voldoet niet",2019-05-03,,unknown,,0,1,yes,2,2,Toegankelijk
BL,8400100,Beilen,52.8549410089,6.52100265026,NS,188,stoparea:17907,2,4,yes,,yes,true,2,2,0,0,0,1,4,all tracks connected,2026-09-29,,,3,yes,2,2,yes,true,yes,Bereikbaar Perron,2019-05-03,,yes,yes,0,1,yes,2,2,Toegankelijk
BGN,8400108,Bergen op Zoom,51.4949912547,4.29585814476,NS,719,stoparea:17847,2,2,yes,,yes,true,2,2,0,0,1,3,8,all tracks connected,2026-09-29,1,VRIJ,,yes,2,2,yes,true,yes,Bereikbaar Perron,2019-05-03,,yes,yes,1,1,no,2,0,Herstel
BET,8400112,Best,51.5097641165,5.38915872574,NS,499,stoparea:18200,4,5,yes,,yes,true,4,4,0,0,3,0,8,all tracks connected,2026-09-29,3,VRIJ,,yes,4,4,yes,true,yes,Bereikbaar Perron,2019-05-03,,yes,yes,3,1,partial,4,3,Herstel|Toegankelijk
BV,8400113,Beverwijk,52.4783500423,4.65630412102,NS,1039,stoparea:17917,2,4,yes,,yes,true,4,4,0,0,3,0,5,all tracks connected,2026-09-29,3,VRIJ,,yes,2,2,yes,true,yes,"Bereikbaar Perron, voldoet niet",2019-05-03,,yes,yes,3,1,partial,4,3,Herstel|Toegankelijk
BHV,8400114,Bilthoven,52.130412452,5.20533084869,NS,668,stoparea:18189,2,2,yes,,yes,true,2,2,0,0,3,0,6,all tracks connected,2026-09-29,3,VRIJ PRCB,,yes,2,2,yes,true,yes,Bereikbaar Perron,2019-05-03,,yes,yes,3,1,yes,2,2,Toegankelijk
BR,8400117,Blerick,51.3725037143,6.15512788296,Arriva|NS,736,stoparea:17920,4,5,partial,tracks on one island platform disagree,partial,partial,4,3,1,0,0,2,7,some tracks connected,2026-09-29,,,1,unknown,0,4,no,false,no,Onbereikbaar Perron,2019-05-03,,partial,limited,0,1,partial,4,3,Nog te doen|Toegankelijk
BLL,8400118,Bloemendaal,52.4039734714,4.6274971962,NS,1004,stoparea:18249,2,2,yes,"other source says no; lifts/ramps present, likely upgraded since",yes,true,2,2,0,0,2,0,4,all tracks connected,2026-09-29,2,VRIJ|VRIJ PRCB,,yes,2,2,yes,true,yes,Bereikbaar Perron,2019-05-03,,no,no,2,1,yes,2,2,Toegankelijk
BDG,8400121,Bodegraven,52.0817082095,4.74578797817,NS,1289,stoparea:17820,3,4,yes,,yes,true,2,2,0,0,0,8,11,all tracks connected,2026-09-29,,,2,partial,2,3,yes,true,yes,"Bereikbaar Perron, voldoet niet",2019-05-03,,unknown,,0,1,yes,2,2,Toegankelijk
BN,8400124,Borne,52.2984197949,6.74899578094,Blauwnet Keolis|NS,169,stoparea:17908,2,2,yes,,yes,true,2,2,0,0,0,1,2,all tracks connected,2026-09-29,,,,yes,2,2,yes,true,yes,Bereikbaar Perron,2019-05-03,,unknown,,0,1,yes,2,2,Toegankelijk
BSK,8400125,Boskoop,52.0775015065,4.64693248272,R-net NS,138,stoparea:17790,2,2,yes,,yes,true,2,2,0,0,0,1,2,all tracks connected,2026-09-29,,,1,yes,2,2,yes,false,yes,Bereikbaar Perron,2019-05-03,,yes,yes,0,1,yes,2,2,Toegankelijk
BSKS,8400126,Boskoop Snijdelwijk,52.06764,4.64628,R-net NS,138,stoparea:235575,1,2,yes,,yes,true,1,1,0,0,0,1,0,not modelled,2026-09-29,,,1,yes,1,1,yes,false,yes,Bereikbaar Perron,2019-05-03,,yes,yes,0,1,yes,1,1,Toegankelijk
BHDV,8400236,Boven-Hardinxveld,51.8321244979,4.87825155258,R-net Qbuzz,199,stoparea:18289,2,4,yes,,yes,true,2,2,0,0,0,2,4,all tracks connected,2026-09-29,,,,yes,2,2,yes,false,yes,Bereikbaar Perron,2019-05-03,,unknown,,0,1,no,2,0,Herstel
BKF,8400230,Bovenkarspel Flora,52.6960944917,5.25372862816,NS,956,stoparea:18225,1,2,yes,,yes,true,1,1,0,0,0,1,2,all tracks connected,2026-09-29,,,,yes,1,1,yes,true,yes,Bereikbaar Perron,2019-05-03,,unknown,,0,1,yes,1,1,Toegankelijk
BKG,8400127,Bovenkarspel-Grootebroek,52.6950976222,5.23744627833,NS,956,stoparea:18224,2,2,yes,,yes,true,2,2,0,0,0,1,2,all tracks connected,2026-09-29,,,,yes,2,2,yes,true,yes,Bereikbaar Perron,2019-05-03,,unknown,,0,1,yes,2,2,Toegankelijk
BMR,8400128,Boxmeer,51.6443786278,5.93949437141,Arriva,331,stoparea:18044,2,4,yes,,yes,true,3,3,0,0,0,2,5,some tracks connected,2026-09-29,,,,yes,2,2,yes,false,yes,"Bereikbaar Perron, voldoet niet",2019-05-03,,yes,yes,0,1,yes,3,3,Toegankelijk
BTL,8400129,Boxtel,51.5850365697,5.3188097477,NS,499,stoparea:18096,4,4,yes,,yes,true,4,4,0,0,4,0,9,all tracks connected,2026-09-29,4,VRIJ PRCB,,yes,4,4,yes,true,yes,Bereikbaar Perron,2019-05-03,,unknown,,5,1,yes,4,4,Toegankelijk
BD,8400131,Breda,51.5950450493,4.77987349033,NS|NS International,2187,stoparea:17911,6,5,yes,,yes,true,7,7,0,0,5,2,28,some tracks connected,2026-09-29,5,VRIJ|VRIJ PRCB,,unknown,0,6,no,true,yes,Bereikbaar Perron,2019-05-03,,yes,yes,7,1,partial,6,5,Herstel|Toegankelijk
BDPB,8400132,Breda-Prinsenbeek,51.6052912076,4.72233474255,NS,385,stoparea:18016,2,4,yes,,yes,true,2,2,0,0,3,3,10,all tracks connected,2026-09-29,3,VRIJ,,yes,2,2,yes,true,yes,Bereikbaar Perron,2019-05-03,,yes,yes,3,1,yes,2,2,Toegankelijk
BKL,8400133,Breukelen,52.1705989823,4.99062001705,NS,1517,stoparea:18230,2,2,yes,,yes,true,2,2,0,0,1,0,2,all tracks connected,2026-09-29,1,VRIJ,,unknown,0,2,no,true,yes,Bereikbaar Perron,2019-05-03,,partial,limited,1,1,no,2,0,Herstel
BMN,8400136,Brummen,52.0911289946,6.14723145962,NS,128,stoparea:18048,2,4,yes,,yes,true,2,2,0,0,0,3,5,some tracks connected,2026-09-29,,,,yes,2,2,yes,true,yes,Bereikbaar Perron,2019-05-03,,yes,yes,0,1,yes,2,2,Toegankelijk
BP,8400139,Buitenpost,53.2562987284,6.14438831806,Arriva,537,stoparea:17919,2,4,yes,,yes,true,2,2,0,0,0,2,7,all tracks connected,2026-09-29,,,5,yes,2,2,yes,false,yes,"Bereikbaar Perron, voldoet niet",2019-05-03,,yes,yes,0,1,yes,2,2,Toegankelijk
BDE,8400140,Bunde,50.8968973776,5.73650747538,Arriva,89,stoparea:17821,2,4,yes,,yes,true,2,2,0,0,0,2,4,all tracks connected,2026-09-29,,,1,yes,2,2,yes,false,yes,Bereikbaar Perron,2019-05-03,,unknown,,0,1,partial,2,1,Herstel|Toegankelijk
BNK,8400141,Bunnik,52.0632960099,5.19551664591,NS,492,stoparea:17922,2,4,yes,,yes,true,2,2,0,0,2,2,9,all tracks connected,2026-09-29,2,VRIJ,,yes,2,2,yes,true,yes,Bereikbaar Perron,2019-05-03,,yes,yes,0,1,yes,2,2,Toegankelijk
BSMZ,8400145,Bussum Zuid,52.265496548,5.16300290823,NS,1022,stoparea:17972,2,4,yes,,yes,true,2,2,0,0,2,3,9,all tracks connected,2026-09-29,2,VRIJ,,yes,2,2,yes,true,yes,Bereikbaar Perron,2019-05-03,,partial,limited,2,1,yes,2,2,Toegankelijk
CPS,8400147,Capelle Schollevaar,51.954106418,4.58413928747,NS,777,stoparea:18099,2,4,yes,,yes,true,2,2,0,0,2,7,7,all tracks connected,2026-09-29,2,VRIJ,,unknown,0,2,no,true,yes,Bereikbaar Perron,2019-05-03,,yes,yes,2,1,no,2,0,Herstel
CAS,8400151,Castricum,52.546051031,4.65877175331,NS,2287,stoparea:17935,2,2,yes,,yes,true,2,2,0,0,3,1,9,all tracks connected,2026-09-29,3,VRIJ,,yes,2,2,yes,true,yes,"Bereikbaar Perron, voldoet niet",2019-05-03,,unknown,,3,1,partial,2,1,Herstel|Toegankelijk
CVM,8400152,Chevremont,50.8755650167,6.05967879295,Arriva,106,stoparea:17903,1,2,yes,,yes,true,1,1,0,0,0,1,2,all tracks connected,2026-09-29,,,1,yes,1,1,yes,false,yes,Bereikbaar Perron,2019-05-03,,unknown,,0,1,yes,1,1,Toegankelijk
CO,8400153,Coevorden,52.6629844664,6.73604339361,Blauwnet Arriva,206,stoparea:18292,2,4,yes,,yes,true,2,2,0,0,0,1,2,all tracks connected,2026-09-29,,,1,yes,2,2,yes,false,yes,"Bereikbaar Perron, voldoet niet",2019-05-03,,yes,yes,0,1,yes,2,2,Toegankelijk
CK,8400155,Cuijk,51.7270580619,5.87428450584,Arriva,331,stoparea:18294,2,4,yes,,yes,true,3,3,0,0,0,4,10,all tracks connected,2026-09-29,,,,yes,2,2,yes,false,yes,"Bereikbaar Perron, voldoet niet",2019-05-03,,yes,yes,0,1,no,3,0,Nog te doen
CL,8400154,Culemborg,51.9470424849,5.22676706314,NS,795,stoparea:18293,2,4,yes,,yes,true,2,2,0,0,2,4,8,all tracks connected,2026-09-29,2,VRIJ,,unknown,0,2,no,true,yes,Bereikbaar Perron,2019-05-03,,yes,yes,2,1,partial,2,1,Herstel|Toegankelijk
DA,8400164,Daarlerveen,52.4413164272,6.57596647739,Blauwnet Arriva,77,stoparea:18322,2,2,yes,,yes,true,2,2,0,0,0,5,9,all tracks connected,2026-09-29,,,,yes,2,2,yes,false,yes,Bereikbaar Perron,2019-09-25,,yes,yes,0,1,yes,2,2,Toegankelijk
DLN,8400161,Dalen,52.6945957245,6.75813943148,Blauwnet Arriva,117,stoparea:18174,1,2,yes,,yes,true,1,1,0,0,0,2,4,all tracks connected,2026-09-29,,,1,yes,1,1,yes,false,yes,Bereikbaar Perron,2019-05-03,,unknown,,0,1,yes,1,1,Toegankelijk
DL,8400167,Dalfsen,52.4983345907,6.25966966152,Blauwnet Arriva,206,stoparea:18320,2,4,yes,,yes,true,2,2,0,0,0,2,4,all tracks connected,2026-09-29,,,2,yes,2,2,yes,false,yes,"Bereikbaar Perron, voldoet niet",2019-05-03,,yes,yes,0,1,partial,2,1,Herstel|Toegankelijk
DVNK,8400188,De Vink,52.1472033554,4.45632733405,NS,1048,stoparea:17949,4,4,yes,,yes,true,4,4,0,0,2,0,9,all tracks connected,2026-09-29,2,VRIJ,,yes,4,4,yes,true,yes,Bereikbaar Perron,2019-05-03,,yes,yes,2,1,yes,4,4,Toegankelijk
DWE,8400745,De Westereen,53.2487500458,6.03600561619,Arriva,371,stoparea:153154,2,4,yes,,yes,true,2,2,0,0,0,3,6,all tracks connected,2026-09-29,,,3,yes,2,2,yes,false,yes,Bereikbaar Perron,2019-05-03,,yes,yes,0,1,no,2,0,Herstel
DEI,8400168,Deinum,53.188775479,5.72818994522,Arriva,81,stoparea:18179,1,2,yes,,yes,true,1,1,0,0,0,1,2,all tracks connected,2026-09-29,,,1,yes,1,1,yes,false,yes,Bereikbaar Perron,2019-05-03,,yes,yes,0,1,yes,1,1,Toegankelijk
DDN,8400169,Delden,52.2601793425,6.7146474123,Blauwnet Arriva,105,stoparea:18301,2,2,yes,,yes,true,2,2,0,0,0,1,2,all tracks connected,2026-09-29,,,,yes,2,2,yes,false,yes,"Bereikbaar Perron, voldoet niet",2019-05-03,,yes,yes,0,1,yes,2,2,Toegankelijk
DT,8400170,Delft,52.0065394441,4.35651630163,NS,3511,stoparea:18316,4,4,yes,,yes,true,4,4,0,0,2,1,17,some tracks connected,2026-09-29,2,VRIJ,,yes,4,4,yes,true,yes,Bereikbaar Perron,2019-05-03,,yes,yes,7,1,partial,4,2,Geen meting|Toegankelijk
DTCP,8400166,Delft Campus,51.9908562809,4.36479359865,NS,1043,stoparea:343749,4,4,yes,,yes,true,2,2,0,0,4,0,9,all tracks connected,2026-09-29,4,VRIJ,,yes,4,4,yes,true,unknown,,,,yes,yes,4,1,yes,4,4,Toegankelijk
DZ,8400171,Delfzijl,53.3336375943,6.92390263081,Arriva,130,stoparea:18309,1,4,yes,,yes,true,1,1,0,0,0,2,3,all tracks connected,2026-09-29,,,3,yes,1,1,yes,false,yes,Bereikbaar Perron,2019-05-03,,yes,yes,0,1,partial,2,1,Herstel|Toegankelijk
DZW,8400175,Delfzijl West,53.332045482,6.90654873848,Arriva,130,stoparea:18279,1,2,yes,,yes,true,1,1,0,0,0,0,0,not modelled,2026-09-29,,,1,yes,1,1,yes,false,yes,"Bereikbaar Perron, voldoet niet",2019-05-03,,yes,yes,0,1,no,1,0,Herstel
DLD,8400179,Den Dolder,52.1402213242,5.24207979441,NS,668,stoparea:18298,2,2,yes,,yes,true,2,2,0,0,0,2,0,not modelled,2026-09-29,,,,unknown,0,2,no,true,yes,Bereikbaar Perron,2019-05-03,,yes,yes,0,1,no,2,0,Nog te doen
GVC,8400282,Den Haag Centraal,52.0811312949,4.32405352592,NS,4913,stoparea:18217,12,5,partial,tracks on one island platform disagree,partial,partial,12,10,0,2,1,0,13,no tracks connected,2026-09-29,1,VRIJ PRCB,,unknown,0,12,no,true,yes,Bereikbaar Perron,2019-05-03,,yes,yes,6,1,no,12,0,Nog te doen
GV,8400280,Den Haag HS,52.0701322273,4.3222028017,European Sleeper|NS|NS International,3573,stoparea:17971,5,5,yes,"other source says no; lifts/ramps present, likely upgraded since",yes,true,5,5,0,0,3,0,18,all tracks connected,2026-09-29,3,VRIJ,,unknown,0,5,no,true,no,Onbereikbaar Perron,2019-05-03,,yes,yes,6,1,partial,5,3,Herstel|Toegankelijk
LAA,8400380,Den Haag Laan v NOI,52.0789900522,4.34311330318,NS,2817,stoparea:17901,4,5,yes,,yes,true,4,4,0,0,4,3,11,some tracks connected,2026-09-29,4,VRIJ,,yes,4,4,yes,true,yes,Bereikbaar Perron,2019-05-03,,unknown,,,,unknown,,,
GVM,8400278,Den Haag Mariahoeve,52.0905868095,4.36898857355,NS,1048,stoparea:18219,4,5,yes,,yes,true,4,4,0,0,3,1,10,all tracks connected,2026-09-29,3,VRIJ,,yes,4,4,yes,true,yes,Bereikbaar Perron,2019-05-03,,yes,yes,3,1,yes,4,4,Toegankelijk
GVMW,8400279,Den Haag Moerwijk,52.0547047349,4.30855035782,NS,1043,stoparea:18067,4,4,yes,,yes,true,4,4,0,0,2,0,4,all tracks connected,2026-09-29,2,VRIJ,,yes,4,4,yes,true,yes,Bereikbaar Perron,2019-05-03,,yes,yes,2,1,yes,4,4,Toegankelijk
YPB,8400379,Den Haag Ypenburg,52.0561041559,4.3899782002,NS,372,stoparea:18323,2,4,yes,,yes,true,2,2,0,0,2,0,4,all tracks connected,2026-09-29,2,VRIJ,,yes,2,2,yes,true,yes,"Bereikbaar Perron, voldoet niet",2019-05-03,,yes,yes,2,1,yes,2,2,Toegankelijk
HDR,8400311,Den Helder,52.9568211084,4.76063668728,NS,977,stoparea:17865,2,4,yes,,yes,true,3,3,0,0,0,3,8,some tracks connected,2026-09-29,,,,unknown,0,2,no,true,yes,Bereikbaar Perron,2019-05-03,,yes,yes,0,1,partial,3,2,Herstel|Toegankelijk
HDRZ,8400303,Den Helder Zuid,52.932919,4.76434,NS,977,stoparea:18066,2,4,yes,,yes,true,2,2,0,0,2,0,6,some tracks connected,2026-09-29,2,VRIJ,,yes,2,2,yes,true,yes,Bereikbaar Perron,2020-07-21,,partial,limited,2,1,yes,2,2,Toegankelijk
DN,8400172,Deurne,51.4562231311,5.78795492649,NS,771,stoparea:18319,3,4,yes,,yes,true,3,3,0,0,0,4,8,all tracks connected,2026-09-29,,,,yes,3,3,yes,true,yes,Bereikbaar Perron,2019-05-03,,partial,limited,0,1,yes,3,3,Toegankelijk
DV,8400173,Deventer,52.257076,6.16096,European Sleeper|GoVolta|NS|NS International,1453,stoparea:18315,5,4,yes,,yes,true,4,4,0,0,2,1,5,all tracks connected,2026-09-29,2,VRIJ,1,unknown,0,5,no,true,yes,"Bereikbaar Perron, voldoet niet",2019-05-03,,yes,yes,2,1,partial,3,1,Herstel|Toegankelijk
DVC,8400185,Deventer Colmschate,52.2503410778,6.21526300907,NS,218,stoparea:17783,2,4,yes,,yes,true,2,2,0,0,2,1,4,all tracks connected,2026-09-29,2,VRIJ,,yes,2,2,yes,true,yes,Bereikbaar Perron,2019-09-25,,unknown,,2,1,yes,2,2,Toegankelijk
DID,8400174,Didam,51.9334206498,6.13243639469,RRReis Arriva,201,stoparea:17817,2,4,yes,,yes,true,2,2,0,0,0,2,3,some tracks connected,2026-09-29,,,,yes,2,2,yes,true,yes,Bereikbaar Perron,2019-05-03,,yes,yes,0,1,yes,2,2,Toegankelijk
DMN,8400165,Diemen,52.3454763561,4.96679663658,NS,1027,stoparea:17928,2,4,yes,,yes,true,3,3,0,0,2,1,6,all tracks connected,2026-09-29,2,VRIJ,,yes,2,2,yes,true,yes,Bereikbaar Perron,2019-05-03,,yes,yes,2,1,yes,2,2,Toegankelijk
DMNZ,8400163,Diemen Zuid,52.3303859358,4.95590686798,NS,1071,stoparea:18085,2,2,unknown,other source says no; ProRail register lists the lift as a project,yes,true,2,2,0,0,1,0,7,all tracks connected,2026-09-29,1,PROJ PRCB,,yes,2,2,yes,true,yes,Bereikbaar Perron,2019-05-03,,no,no,0,1,yes,2,2,Toegankelijk
DR,8400176,Dieren,52.0447772359,6.10331296921,NS,519,stoparea:18313,2,2,yes,,yes,true,2,2,0,0,3,0,7,all tracks connected,2026-09-29,3,VRIJ,,yes,2,2,yes,true,yes,Bereikbaar Perron,2019-05-03,,yes,yes,4,2,yes,2,2,Toegankelijk
DTC,8400177,Doetinchem,51.9585098609,6.29611819983,RRReis Arriva,200,stoparea:18037,2,2,yes,,yes,true,4,4,0,0,0,3,7,all tracks connected,2026-09-29,,,,yes,2,2,yes,false,yes,"Bereikbaar Perron, voldoet niet",2019-05-03,,yes,yes,0,1,yes,2,2,Toegankelijk
DTCH,8400184,Doetinchem De Huet,51.9592321562,6.25997006893,RRReis Arriva,200,stoparea:17862,1,2,yes,,yes,true,1,1,0,0,0,1,2,all tracks connected,2026-09-29,,,,yes,1,1,yes,true,yes,Bereikbaar Perron,2019-05-03,,partial,limited,0,1,no,1,0,Nog te doen
DDR,8400180,Dordrecht,51.8075467403,4.66774642467,NS|R-net Qbuzz,3340,stoparea:18308,12,5,yes,,yes,true,7,7,0,0,4,2,19,all tracks connected,2026-09-29,4,VRIJ,,unknown,0,12,no,true,yes,Bereikbaar Perron,2019-05-03,,yes,yes,4,1,partial,7,2,Herstel|Toegankelijk
DDRS,8400186,Dordrecht Stadspolders,51.802089,4.71666,R-net Qbuzz,199,stoparea:18253,2,4,yes,,yes,true,2,2,0,0,0,2,4,all tracks connected,2026-09-29,,,,yes,2,2,yes,false,yes,"Bereikbaar Perron, voldoet niet",2019-05-03,,yes,yes,0,1,yes,2,2,Toegankelijk
DDZD,8400181,Dordrecht Zuid,51.7906840597,4.67181265354,NS,526,stoparea:18131,2,4,yes,"other source says no; lifts/ramps present, likely upgraded since",yes,true,2,2,0,0,2,0,4,some tracks connected,2026-09-29,2,VRIJ,,yes,2,2,yes,true,no,Onbereikbaar Perron,2019-05-03,,unknown,,2,1,yes,2,2,Toegankelijk
DB,8400182,Driebergen-Zeist,52.0651560395,5.25960534811,NS,1413,stoparea:18321,2,2,yes,,yes,true,3,3,0,0,1,0,2,no tracks connected,2026-09-29,1,VRIJ,,yes,2,2,yes,true,yes,Bereikbaar Perron,2020-07-21,,yes,yes,1,1,yes,2,2,Toegankelijk
DRH,8400183,Driehuis,52.4424560103,4.638209939,NS,1004,stoparea:17844,2,2,yes,"other source says no; lifts/ramps present, likely upgraded since",yes,true,2,2,0,0,2,0,6,all tracks connected,2026-09-29,2,VRIJ,,yes,2,2,yes,true,no,Onbereikbaar Perron,2019-05-03,,yes,yes,2,1,yes,2,2,Toegankelijk
DRP,8400192,Dronryp,53.177807,5.63474,Arriva,81,stoparea:165459,2,2,yes,,yes,true,2,2,0,0,0,1,2,all tracks connected,2026-09-29,,,2,yes,2,2,yes,false,yes,"Bereikbaar Perron, voldoet niet",2019-05-03,,yes,yes,0,1,yes,2,2,Toegankelijk
DRON,8400198,Dronten,52.5344196434,5.71999311447,NS,392,stoparea:17779,2,4,yes,,yes,true,2,2,0,0,2,0,4,all tracks connected,2026-09-29,2,VRIJ,,yes,2,2,yes,true,yes,Bereikbaar Perron,2019-05-03,,yes,yes,2,1,yes,2,2,Toegankelijk
DVN,8400193,Duiven,51.9434348706,6.01421535015,RRReis Arriva,207,stoparea:17784,2,4,yes,,yes,true,2,2,0,0,0,2,5,all tracks connected,2026-09-29,,,,yes,2,2,yes,true,yes,"Bereikbaar Perron, voldoet niet",2019-05-03,,yes,yes,0,1,yes,2,2,Toegankelijk
DVD,8400194,Duivendrecht,52.3235699597,4.9364554882,NS|NS International,3297,stoparea:17781,4,5,yes,,yes,true,4,4,0,0,4,0,18,all tracks connected,2026-09-29,4,VRIJ,,unknown,0,4,no,true,yes,Bereikbaar Perron,2019-05-03,,unknown,,,,partial,4,1,Herstel|Toegankelijk
EC,8400195,Echt,51.1005138636,5.87897032499,Arriva,83,stoparea:18129,2,2,yes,,yes,true,2,2,0,0,0,1,3,all tracks connected,2026-09-29,,,,yes,2,2,yes,false,yes,Bereikbaar Perron,2019-05-03,,yes,yes,0,1,yes,2,2,Toegankelijk
EDC,8400201,Ede Centrum,52.0433914829,5.6683498621,RRReis Keolis,252,stoparea:17943,1,2,yes,,yes,true,1,1,0,0,0,1,2,all tracks connected,2026-09-29,,,,yes,1,1,yes,false,yes,Bereikbaar Perron,2019-05-03,,yes,yes,0,1,yes,1,1,Toegankelijk
ED,8400200,Ede-Wageningen,52.0281585657,5.67148804665,NS|RRReis Keolis,1864,stoparea:18127,4,5,yes,,yes,true,4,4,0,0,3,6,22,all tracks connected,2026-09-29,,,,yes,4,4,yes,true,yes,"Bereikbaar Perron, voldoet niet",2019-05-03,,yes,yes,3,1,yes,4,4,Toegankelijk
EEM,8400202,Eemshaven,53.45881,6.82997,Arriva,141,stoparea:279880,1,2,yes,,yes,true,1,1,0,0,0,1,2,all tracks connected,2026-09-29,,,1,yes,1,1,yes,false,yes,Bereikbaar Perron,2019-05-03,,yes,yes,0,1,yes,1,1,Toegankelijk
EDN,8400219,Eijsden,50.7720763187,5.70982217789,Arriva,52,stoparea:17937,2,2,yes,,yes,true,2,2,0,0,0,1,2,all tracks connected,2026-09-29,,,,yes,2,2,yes,false,yes,"Bereikbaar Perron, voldoet niet",2019-05-03,,unknown,,0,1,yes,2,2,Toegankelijk
EHV,8400206,Eindhoven Centraal,51.4423758354,5.47994077206,Arriva|NS|NS International,3411,stoparea:345454,6,5,yes,,yes,true,7,7,0,0,3,3,20,some tracks connected,2026-09-29,6,VRIJ PRCB,,unknown,0,6,no,true,yes,Bereikbaar Perron,2019-05-03,,yes,yes,3,1,partial,6,3,Herstel|Toegankelijk
EHS,8400196,Eindhoven Strijp-S,51.4501458154,5.45702934265,NS,499,stoparea:153157,4,5,unknown,other source says no; no lift or ramp in EPIAP or ProRail register,yes,true,4,4,0,0,0,0,0,not modelled,2026-09-29,,,,unknown,0,4,no,false,no,Onbereikbaar Perron,2019-05-03,,no,no,0,1,yes,4,4,Toegankelijk
EST,8400207,Elst,51.9172503083,5.8549618721,NS|RRReis Arriva,423,stoparea:17976,2,4,yes,,yes,true,3,3,0,0,2,1,9,all tracks connected,2026-09-29,2,VRIJ,,yes,2,2,yes,true,yes,Bereikbaar Perron,2019-05-03,,yes,yes,2,1,partial,3,2,Herstel|Toegankelijk
EMN,8400208,Emmen,52.7906369563,6.89937114716,Blauwnet Arriva,192,stoparea:17989,2,4,yes,,yes,true,2,2,0,0,0,4,10,all tracks connected,2026-09-29,,,6,yes,2,2,yes,false,yes,"Bereikbaar Perron, voldoet niet",2019-05-03,,unknown,,0,1,yes,2,2,Toegankelijk
EMNZ,8400407,Emmen Zuid,52.7488209148,6.87420129776,Blauwnet Arriva,192,stoparea:17992,2,4,yes,,yes,true,2,2,0,0,0,1,0,not modelled,2026-09-29,,,2,yes,2,2,yes,false,yes,Bereikbaar Perron,2019-05-03,,unknown,,0,1,yes,2,2,Toegankelijk
EKZ,8400210,Enkhuizen,52.6997095273,5.28884679079,NS,956,stoparea:18123,2,2,yes,,yes,true,2,2,0,0,0,1,1,no tracks connected,2026-09-29,,,,yes,2,2,yes,true,yes,Bereikbaar Perron,2019-05-03,,yes,yes,0,1,yes,2,2,Toegankelijk
ES,8400212,Enschede,52.222361,6.89025,Blauwnet Keolis|DB|NS,883,stoparea:18124,6,4,yes,,yes,true,5,5,0,0,0,2,8,no tracks connected,2026-09-29,,,,yes,6,6,yes,true,yes,"Bereikbaar Perron, voldoet niet",2019-05-03,,yes,yes,0,1,yes,5,5,Toegankelijk
ESE,8400217,Enschede De Eschmarke,52.2212782051,6.951212883,DB,122,stoparea:17982,2,2,yes,,yes,true,1,1,0,0,0,2,0,not modelled,2026-09-29,,,,yes,2,2,yes,false,yes,Bereikbaar Perron,2019-05-03,,yes,yes,0,1,yes,1,1,Toegankelijk
ESK,8400221,Enschede Kennispark,52.2375408439,6.83861911297,Blauwnet Keolis|NS,198,stoparea:153150,2,4,yes,,yes,true,2,2,0,0,0,2,0,not modelled,2026-09-29,,,,yes,2,2,yes,true,yes,Bereikbaar Perron,2019-05-03,,yes,yes,0,1,yes,2,2,Toegankelijk
EML,8400216,Ermelo,52.3011672153,5.61446964741,NS,424,stoparea:17990,2,2,yes,,yes,true,2,2,0,0,0,1,2,all tracks connected,2026-09-29,,,1,yes,2,2,yes,true,yes,Bereikbaar Perron,2019-05-03,,yes,yes,0,1,yes,2,2,Toegankelijk
ETN,8400218,Etten-Leur,51.5751325706,4.63662743568,NS,400,stoparea:18238,2,4,yes,,yes,true,2,2,0,0,0,5,11,all tracks connected,2026-09-29,,,,yes,2,2,yes,true,yes,Bereikbaar Perron,2019-05-03,,yes,yes,0,1,partial,2,1,Herstel|Toegankelijk
EGH,8400338,Eygelshoven,50.8900504954,6.045768857,Arriva,106,stoparea:17830,2,4,yes,,yes,true,2,2,0,0,0,2,4,all tracks connected,2026-09-29,,,,yes,2,2,yes,false,yes,Bereikbaar Perron,2019-05-03,,unknown,,0,1,yes,2,2,Toegankelijk
EGHM,8400234,Eygelshoven Markt,50.8961411739,6.05794072151,Arriva,174,stoparea:17823,1,2,yes,,yes,true,1,1,0,0,0,1,2,all tracks connected,2026-09-29,,,,yes,1,1,yes,false,yes,Bereikbaar Perron,2019-05-03,,yes,yes,0,1,yes,1,1,Toegankelijk
FWD,8400638,Feanwâlden,53.2351577761,5.98959267139,Arriva,616,stoparea:489940,2,2,yes,,yes,true,2,2,0,0,0,1,2,all tracks connected,2026-09-29,,,2,yes,2,2,yes,false,yes,Bereikbaar Perron,2019-05-03,,yes,yes,0,1,yes,2,2,Toegankelijk
FN,8400232,Franeker,53.1824911512,5.54953336716,Arriva,81,stoparea:17986,2,2,yes,,yes,true,2,2,0,0,0,1,2,all tracks connected,2026-09-29,,,1,yes,2,2,yes,false,yes,"Bereikbaar Perron, voldoet niet",2019-05-03,,yes,yes,0,1,partial,2,1,Herstel|Toegankelijk
GDR,8400241,Gaanderen,51.9305231202,6.3485956192,RRReis Arriva,131,stoparea:18168,1,2,yes,,yes,true,1,1,0,0,0,0,0,not modelled,2026-09-29,,,,yes,1,1,yes,true,yes,"Bereikbaar Perron, voldoet niet",2019-05-03,,unknown,,0,1,yes,1,1,Toegankelijk
GDM,8400244,Geldermalsen,51.882627262,5.27143657207,NS|R-net Qbuzz,918,stoparea:17860,5,5,yes,,yes,true,5,5,0,0,3,0,9,all tracks connected,2026-09-29,3,VRIJ,,unknown,0,5,no,true,yes,Bereikbaar Perron,2019-05-03,,unknown,,1,1,yes,5,5,Toegankelijk
GP,8400245,Geldrop,51.4201184276,5.55048286915,NS,175,stoparea:17801,2,2,yes,,yes,true,2,2,0,0,1,0,4,all tracks connected,2026-09-29,1,VRIJ,,yes,2,2,yes,true,yes,Bereikbaar Perron,2019-05-03,,unknown,,0,1,partial,2,1,Herstel|Toegankelijk
GLN,8400246,Geleen Oost,50.9674848366,5.84333181381,Arriva,78,stoparea:18300,2,2,yes,,yes,true,2,2,0,0,0,1,2,all tracks connected,2026-09-29,,,1,yes,2,2,yes,false,yes,"Bereikbaar Perron, voldoet niet",2019-05-03,,yes,yes,0,1,yes,2,2,Toegankelijk
LUT,8400248,Geleen-Lutterade,50.975413037,5.82459390163,Arriva,89,stoparea:18119,2,2,yes,,yes,true,2,2,0,0,0,0,0,not modelled,2026-09-29,,,,yes,2,2,yes,false,yes,Bereikbaar Perron,2019-05-03,,yes,yes,0,1,yes,2,2,Toegankelijk
GZ,8400251,Gilze-Rijen,51.5841365983,4.92407441139,NS,390,stoparea:17804,2,2,yes,,yes,true,2,2,0,0,0,1,3,all tracks connected,2026-09-29,,,,unknown,0,2,no,true,yes,Bereikbaar Perron,2019-05-03,,unknown,,0,1,no,2,0,Nog te doen
GBR,8400262,Glanerbrug,52.2187065889,6.97362005711,DB,122,stoparea:17980,2,2,yes,,yes,true,1,1,0,0,0,1,2,all tracks connected,2026-09-29,,,,yes,2,2,yes,false,yes,Bereikbaar Perron,2019-05-03,,unknown,,0,1,yes,1,1,Toegankelijk
GS,8400253,Goes,51.4984444727,3.89053344727,NS,798,stoparea:17800,2,2,yes,,yes,true,2,2,0,0,3,0,13,all tracks connected,2026-09-29,3,VRIJ,,unknown,0,2,no,true,yes,Bereikbaar Perron,2019-05-03,,yes,yes,3,2,no,2,0,Herstel
GO,8400254,Goor,52.2304148646,6.58494114876,Blauwnet Arriva,107,stoparea:17809,2,4,yes,,yes,true,2,2,0,0,0,2,4,all tracks connected,2026-09-29,,,,yes,2,2,yes,false,yes,"Bereikbaar Perron, voldoet niet",2019-05-03,,unknown,,0,1,yes,2,2,Toegankelijk
GR,8400256,Gorinchem,51.8335731457,4.96739208698,R-net Qbuzz,199,stoparea:17799,2,4,yes,"other source says no; lifts/ramps present, likely upgraded since",yes,true,2,2,0,0,1,1,6,some tracks connected,2026-09-29,,,2,yes,2,2,yes,false,no,"Bereikbaar Perron, voldoet niet",2019-09-25,Bereikbaarheid perron voldoet niet.  Alleen bereikbaar onderbegeleiding via dienstoverpad,yes,yes,1,1,yes,2,2,Toegankelijk
GD,8400258,Gouda,52.0169549682,4.70541536808,NS|R-net NS,2961,stoparea:17806,5,5,yes,"other source says no; lifts/ramps present, likely upgraded since",yes,true,6,6,0,0,4,5,19,all tracks connected,2026-09-29,4,VRIJ,1,unknown,0,5,no,true,yes,Bereikbaar Perron,2019-05-03,,no,no,3,1,partial,5,1,Herstel|Toegankelijk
GDG,8400257,Gouda Goverwelle,52.0146604263,4.74246203899,NS,1225,stoparea:18171,4,4,yes,,yes,true,4,4,0,0,2,2,6,all tracks connected,2026-09-29,2,PROJ PRCB,,yes,4,4,yes,true,yes,Bereikbaar Perron,2019-05-03,,yes,yes,2,1,yes,4,4,Toegankelijk
GBG,8400259,Gramsbergen,52.6102796771,6.67618989944,Blauwnet Arriva,117,stoparea:17975,2,4,yes,,yes,true,2,2,0,0,0,2,4,some tracks connected,2026-09-29,,,1,yes,2,2,yes,false,yes,Bereikbaar Perron,2019-05-03,,unknown,,0,1,yes,2,2,Toegankelijk
GK,8400267,Grijpskerk,53.2558943685,6.30971431732,Arriva,371,stoparea:17807,2,4,yes,,yes,true,2,2,0,0,0,3,4,all tracks connected,2026-09-29,,,3,yes,2,2,yes,false,yes,Bereikbaar Perron,2019-05-03,,yes,yes,0,1,partial,2,1,Herstel|Toegankelijk
GN,8400263,Groningen,53.2109352492,6.56407356262,Arriva|NS,2008,stoparea:17808,7,5,partial,,partial,partial,7,5,0,2,5,1,5,no tracks connected,2026-09-29,,,,yes,7,7,yes,true,yes,"Bereikbaar Perron, voldoet niet",2019-05-03,,yes,yes,1,1,yes,7,7,Toegankelijk
GERP,8400238,Groningen Europapark,53.2047077,6.5858114,Arriva|NS,1332,stoparea:18059,4,5,yes,,yes,true,4,4,0,0,3,0,6,all tracks connected,2026-09-29,3,VRIJ,1,yes,4,4,yes,true,yes,Bereikbaar Perron,2019-05-03,,yes,yes,3,1,partial,4,3,Herstel|Toegankelijk
GNN,8400264,Groningen Noord,53.230145,6.55631,Arriva,318,stoparea:17826,2,4,yes,,yes,true,2,2,0,0,0,2,0,not modelled,2026-09-29,,,2,yes,2,2,yes,false,yes,"Bereikbaar Perron, voldoet niet",2019-05-03,,yes,yes,0,1,yes,2,2,Toegankelijk
GW,8400266,Grou-Jirnsum,53.0900326142,5.8224105835,NS,267,stoparea:17803,2,4,yes,,yes,true,2,2,0,0,0,2,5,all tracks connected,2026-09-29,,,2,yes,2,2,yes,true,yes,"Bereikbaar Perron, voldoet niet",2019-05-03,,unknown,,0,1,yes,2,2,Toegankelijk
HLM,8400285,Haarlem,52.3880485284,4.63878393173,NS,3781,stoparea:18220,8,5,yes,,yes,true,6,6,0,0,3,2,19,all tracks connected,2026-09-29,3,VRIJ,,unknown,0,8,no,true,yes,Bereikbaar Perron,2019-05-03,,yes,yes,3,1,partial,6,1,Herstel|Toegankelijk
HLMS,8400270,Haarlem Spaarnwoude,52.3830456338,4.67106699944,NS,1329,stoparea:18009,2,4,yes,,yes,true,2,2,0,0,3,1,6,all tracks connected,2026-09-29,3,VRIJ,3,yes,2,2,yes,true,yes,Bereikbaar Perron,2020-07-21,,unknown,,3,1,yes,2,2,Toegankelijk
HWZB,8400400,Halfweg-Zwanenburg,52.384722,4.75164,NS,1329,stoparea:18248,2,4,yes,,yes,true,2,2,0,0,2,0,4,all tracks connected,2026-09-29,2,VRIJ,,unknown,0,2,no,true,yes,"Bereikbaar Perron, voldoet niet",2019-05-03,,yes,yes,4,1,partial,2,1,Herstel|Toegankelijk
HDB,8400293,Hardenberg,52.5723204212,6.62763118744,Blauwnet Arriva,278,stoparea:17787,2,2,yes,,yes,true,2,2,0,0,0,1,7,all tracks connected,2026-09-29,,,1,yes,2,2,yes,false,yes,"Bereikbaar Perron, voldoet niet",2019-05-03,,unknown,,0,1,yes,2,2,Toegankelijk
HD,8400294,Harderwijk,52.3378367369,5.62037587166,NS,431,stoparea:18116,2,2,yes,,yes,true,2,2,0,0,3,0,6,all tracks connected,2026-09-29,3,VRIJ,,yes,2,2,yes,true,yes,Bereikbaar Perron,2019-05-03,,yes,yes,3,1,yes,2,2,Toegankelijk
HBZM,8400438,Hardinxveld Blauwe Zoom,51.8296381515,4.81545031071,R-net Qbuzz,129,stoparea:18052,1,2,yes,,yes,true,1,1,0,0,0,1,1,no tracks connected,2026-09-29,,,,yes,1,1,yes,false,yes,Bereikbaar Perron,2019-05-03,,unknown,,0,1,yes,1,1,Toegankelijk
GND,8400295,Hardinxveld-Giessendam,51.8304669489,4.8359182477,R-net Qbuzz,147,stoparea:18046,2,4,yes,,yes,true,2,2,0,0,0,6,10,all tracks connected,2026-09-29,,,,yes,2,2,yes,false,yes,Bereikbaar Perron,2019-09-25,,unknown,,0,1,yes,2,2,Toegankelijk
HRN,8400297,Haren,53.1752220409,6.61775529385,NS,222,stoparea:18326,2,4,yes,,yes,true,2,2,0,0,2,1,7,all tracks connected,2026-09-29,2,VRIJ,1,unknown,0,2,no,true,yes,Bereikbaar Perron,2019-09-25,,yes,yes,2,1,partial,2,1,Herstel|Toegankelijk
HLG,8400296,Harlingen,53.1704792551,5.42507350445,Arriva,81,stoparea:18223,2,4,yes,,yes,true,2,2,0,0,0,2,5,all tracks connected,2026-09-29,,,4,yes,2,2,yes,false,yes,"Bereikbaar Perron, voldoet niet",2019-05-03,,yes,yes,0,1,yes,2,2,Toegankelijk
HLGH,8400298,Harlingen Haven,53.1748747903,5.41134059429,Arriva,81,stoparea:17834,1,2,yes,,yes,true,1,1,0,0,0,1,2,all tracks connected,2026-09-29,,,1,yes,1,1,yes,false,yes,Bereikbaar Perron,2019-05-03,,yes,yes,0,1,yes,1,1,Toegankelijk
HK,8400317,Heemskerk,52.4947878166,4.68630462885,NS,1027,stoparea:18113,2,4,yes,,yes,true,2,2,0,0,0,4,6,some tracks connected,2026-09-29,,,3,yes,2,2,yes,true,yes,Bereikbaar Perron,2019-05-03,,yes,yes,0,1,yes,2,2,Toegankelijk
HAD,8400302,Heemstede-Aerdenhout,52.3594641541,4.6067905426,NS,1736,stoparea:18072,2,4,yes,,yes,true,2,2,0,0,2,0,9,all tracks connected,2026-09-29,2,VRIJ,,yes,2,2,yes,true,yes,Bereikbaar Perron,2019-05-03,,yes,yes,2,1,yes,2,2,Toegankelijk
HR,8400305,Heerenveen,52.9605259964,5.91594994068,NS,663,stoparea:18109,2,2,yes,,yes,true,2,2,0,0,0,1,3,all tracks connected,2026-09-29,,,1,yes,2,2,yes,true,yes,Bereikbaar Perron,2019-05-03,,partial,limited,0,1,yes,2,2,Toegankelijk
HWD,8400306,Heerhugowaard,52.6705238747,4.8238670826,NS,1851,stoparea:18203,2,4,yes,,yes,true,3,3,0,0,0,6,9,all tracks connected,2026-09-29,,,,yes,2,2,yes,true,yes,"Bereikbaar Perron, voldoet niet",2019-05-03,,partial,limited,0,1,yes,2,2,Toegankelijk
HRL,8400307,Heerlen,50.8905986891,5.97381591797,Arriva|NS,877,stoparea:18327,5,4,yes,,yes,true,5,5,0,0,2,0,9,all tracks connected,2026-09-29,2,VRIJ PRCB,,unknown,0,5,no,true,yes,Bereikbaar Perron,2020-07-21,,yes,yes,5,1,partial,5,3,Herstel|Toegankelijk
HRLW,8400404,Heerlen Woonboulevard,50.8955761278,5.95094203949,Arriva,113,stoparea:18145,2,4,yes,,yes,true,2,2,0,0,0,2,4,all tracks connected,2026-09-29,,,,yes,2,2,yes,false,yes,Bereikbaar Perron,2019-05-03,,yes,yes,0,1,partial,2,1,Herstel|Toegankelijk
HZE,8400308,Heeze,51.3850330688,5.56961238384,NS,175,stoparea:18122,2,4,yes,,yes,true,2,2,0,0,0,1,2,some tracks connected,2026-09-29,,,2,yes,2,2,yes,true,yes,"Bereikbaar Perron, voldoet niet",2019-05-03,,yes,yes,0,1,yes,2,2,Toegankelijk
HLO,8400309,Heiloo,52.6002781536,4.70113992691,NS,1865,stoparea:18221,2,2,yes,,yes,true,2,2,0,0,0,1,2,all tracks connected,2026-09-29,,,1,yes,2,2,yes,true,yes,Bereikbaar Perron,2019-05-03,,unknown,,0,1,yes,2,2,Toegankelijk
HNO,8400310,Heino,52.4268589853,6.22245937586,Blauwnet Keolis,129,stoparea:17988,2,2,yes,,yes,true,2,2,0,0,0,1,2,some tracks connected,2026-09-29,,,2,yes,2,2,yes,true,yes,Bereikbaar Perron,2019-05-03,,yes,yes,0,1,yes,2,2,Toegankelijk
HM,8400313,Helmond,51.4756330294,5.6617462635,NS,771,stoparea:18111,2,4,yes,,yes,true,2,2,0,0,2,1,9,all tracks connected,2026-09-29,2,VRIJ,,unknown,0,2,no,true,yes,Bereikbaar Perron,2019-05-03,,unknown,,1,1,no,2,0,Herstel
HMH,8400300,Helmond 't Hout,51.4678673875,5.63069969416,NS,174,stoparea:18013,2,4,yes,,yes,true,2,2,0,0,0,2,0,not modelled,2026-09-29,,,,yes,2,2,yes,true,yes,Bereikbaar Perron,2019-05-03,,unknown,,0,1,yes,2,2,Toegankelijk
HMBV,8400242,Helmond Brandevoort,51.4621926876,5.60725986958,NS,174,stoparea:18239,2,4,yes,,yes,true,2,2,0,0,2,0,4,all tracks connected,2026-09-29,2,VRIJ,,yes,2,2,yes,true,yes,Bereikbaar Perron,2019-05-03,,yes,yes,0,1,yes,2,2,Toegankelijk
HMBH,8400299,Helmond Brouwhuis,51.471278,5.70053,NS,174,stoparea:18242,2,4,yes,,yes,true,2,2,0,0,0,2,1,no tracks connected,2026-09-29,,,2,yes,2,2,yes,true,yes,"Bereikbaar Perron, voldoet niet",2019-05-03,,yes,yes,0,1,yes,2,2,Toegankelijk
HMN,8400315,Hemmen-Dodewaard,51.9222876239,5.67344069481,RRReis Arriva,82,stoparea:18015,2,4,yes,,yes,true,2,2,0,0,0,2,4,all tracks connected,2026-09-29,,,,yes,2,2,yes,true,yes,"Bereikbaar Perron, voldoet niet",2019-05-03,,unknown,,0,1,yes,2,2,Toegankelijk
HGL,8400316,Hengelo,52.262146077,6.79359555244,Blauwnet Arriva|Blauwnet Keolis|Eurobahn|GoVolta|NS|NS International,1055,stoparea:17896,7,2,yes,,yes,true,3,3,0,0,1,0,10,no tracks connected,2026-09-29,2,VRIJ,,unknown,0,7,no,true,yes,Bereikbaar Perron,2019-05-03,,yes,yes,1,1,partial,3,1,Herstel|Toegankelijk
HGLG,8400433,Hengelo Gezondheidspark,52.2616305974,6.76770687103,Blauwnet Arriva,105,stoparea:18303,1,2,yes,,yes,true,1,1,0,0,0,2,4,all tracks connected,2026-09-29,,,,yes,1,1,yes,false,yes,Bereikbaar Perron,2019-05-03,,yes,yes,0,1,yes,1,1,Toegankelijk
HGLO,8400312,Hengelo Oost,52.2689912086,6.81961297989,Blauwnet Arriva,111,stoparea:18302,2,4,yes,,yes,true,2,2,0,0,0,2,4,all tracks connected,2026-09-29,,,,yes,2,2,yes,false,yes,Bereikbaar Perron,2020-07-21,,unknown,,0,1,yes,2,2,Toegankelijk
HIL,8400329,Hillegom,52.3031075295,4.56605315208,NS,376,stoparea:17940,2,2,yes,,yes,true,2,2,0,0,2,0,4,all tracks connected,2026-09-29,2,VRIJ,,yes,2,2,yes,true,yes,Bereikbaar Perron,2019-05-03,,yes,yes,2,1,yes,2,2,Toegankelijk
HVS,8400322,Hilversum,52.2263832024,5.18169522285,NS|NS International,2592,stoparea:17831,5,5,yes,,yes,true,5,5,0,0,3,0,13,all tracks connected,2026-09-29,3,VRIJ,,unknown,0,5,no,true,yes,Bereikbaar Perron,2019-05-03,,yes,yes,3,1,partial,5,4,Herstel|Toegankelijk
HVSM,8400324,Hilversum Media Park,52.237997472,5.17391145229,NS,928,stoparea:30400,2,4,yes,,yes,true,2,2,0,0,3,4,13,all tracks connected,2026-09-29,3,VRIJ,,yes,2,2,yes,true,yes,"Bereikbaar Perron, voldoet niet",2019-05-03,,unknown,,2,1,yes,2,2,Toegankelijk
HVSP,8400570,Hilversum Sportpark,52.2165571623,5.18733859062,NS,689,stoparea:18193,2,4,yes,,yes,true,2,2,0,0,0,3,6,all tracks connected,2026-09-29,,,,yes,2,2,yes,true,yes,Bereikbaar Perron,2019-05-03,,yes,yes,0,1,partial,2,1,Herstel|Toegankelijk
HNP,8400323,Hindeloopen,52.9464625417,5.42302966118,Arriva,73,stoparea:17951,1,2,yes,,yes,true,1,1,0,0,0,1,2,all tracks connected,2026-09-29,,,1,yes,1,1,yes,false,yes,Bereikbaar Perron,2019-05-03,,yes,yes,0,1,no,1,0,Herstel
HB,8400326,Hoensbroek,50.9057070066,5.93024343252,Arriva,78,stoparea:18118,2,4,yes,,yes,true,2,2,0,0,0,2,4,all tracks connected,2026-09-29,,,3,yes,2,2,yes,false,yes,Bereikbaar Perron,2019-05-03,,unknown,,0,1,yes,2,2,Toegankelijk
HVL,8400490,Hoevelaken,52.1664565985,5.45878887177,RRReis Keolis,194,stoparea:17825,2,4,yes,,yes,true,2,2,0,0,2,0,4,all tracks connected,2026-09-29,2,VRIJ,,yes,2,2,yes,false,yes,Bereikbaar Perron,2019-05-03,,yes,yes,2,1,yes,2,2,Toegankelijk
HOR,8400327,Hollandsche Rading,52.1780651566,5.17916053534,NS,492,stoparea:17777,2,4,yes,,yes,true,2,2,0,0,0,2,2,some tracks connected,2026-09-29,,,2,yes,2,2,yes,true,yes,"Bereikbaar Perron, voldoet niet",2019-05-03,,unknown,,0,1,yes,2,2,Toegankelijk
HON,8400328,Holten,52.2840106801,6.42132639885,NS,218,stoparea:17775,2,4,yes,,yes,true,2,2,0,0,0,2,6,all tracks connected,2026-09-29,,,,yes,2,2,yes,true,yes,Bereikbaar Perron,2019-05-03,,yes,yes,0,1,yes,2,2,Toegankelijk
HFD,8400332,Hoofddorp,52.2927456272,4.69853281975,NS,2983,stoparea:18104,4,4,yes,,yes,true,4,4,0,0,2,0,7,all tracks connected,2026-09-29,2,VRIJ,,yes,4,4,yes,true,yes,Bereikbaar Perron,2019-05-03,,yes,yes,4,1,yes,4,4,Toegankelijk
HGV,8400330,Hoogeveen,52.7335209628,6.47298038006,Arriva|NS,221,stoparea:17892,2,4,yes,,yes,true,3,3,0,0,2,0,8,all tracks connected,2026-09-29,2,VRIJ PRCB,2,unknown,0,2,no,true,yes,Bereikbaar Perron,2019-05-03,,yes,yes,2,1,partial,2,1,Herstel|Toegankelijk
HGZ,8400331,Hoogezand-Sappemeer,53.1598342138,6.77106499672,Arriva,557,stoparea:17890,2,4,yes,,yes,true,2,2,0,0,0,2,4,all tracks connected,2026-09-29,,,2,yes,2,2,yes,false,yes,Bereikbaar Perron,2019-05-03,,unknown,,0,1,yes,2,2,Toegankelijk
HKS,8400334,Hoogkarspel,52.690573223,5.18384769559,NS,956,stoparea:18261,2,2,yes,,yes,true,2,2,0,0,0,1,2,all tracks connected,2026-09-29,,,1,yes,2,2,yes,true,yes,"Bereikbaar Perron, voldoet niet",2019-05-03,,unknown,,0,1,yes,2,2,Toegankelijk
HN,8400337,Hoorn,52.6448569126,5.05458533764,NS,2070,stoparea:18110,3,4,yes,,yes,true,3,3,0,0,3,1,8,some tracks connected,2026-09-29,3,VRIJ,2,yes,3,3,yes,true,yes,Bereikbaar Perron,2019-05-03,,yes,yes,3,2,yes,3,3,Toegankelijk
HNK,8400336,Hoorn Kersenboogerd,52.653322851,5.08487418294,NS,1500,stoparea:17945,2,4,yes,,yes,true,2,2,0,0,0,5,1,no tracks connected,2026-09-29,,,1,yes,2,2,yes,true,yes,Bereikbaar Perron,2019-05-03,,unknown,,0,1,yes,2,2,Toegankelijk
HRT,8400339,Horst-Sevenum,51.4269723896,6.04165434837,NS,597,stoparea:18329,2,4,yes,,yes,true,3,3,0,0,0,2,4,all tracks connected,2026-09-29,,,,yes,2,2,yes,true,yes,Bereikbaar Perron,2019-05-03,,unknown,,0,1,yes,2,2,Toegankelijk
HTN,8400340,Houten,52.0349077579,5.16753315926,NS,798,stoparea:18062,2,2,yes,,yes,true,2,2,0,0,1,0,2,all tracks connected,2026-09-29,1,VRIJ,,yes,2,2,yes,true,yes,Bereikbaar Perron,2019-05-03,,yes,yes,1,1,yes,2,2,Toegankelijk
HTNC,8400335,Houten Castellum,52.0185132087,5.17889499664,NS,798,stoparea:17835,2,2,yes,,yes,true,2,2,0,0,1,0,2,all tracks connected,2026-09-29,1,VRIJ,,yes,2,2,yes,true,yes,Bereikbaar Perron,2019-05-03,,yes,yes,1,1,yes,2,2,Toegankelijk
SGL,8400341,Houthem-St. Gerlach,50.873503516,5.79657554626,Arriva,113,stoparea:232428,2,4,yes,,yes,true,2,2,0,0,0,1,2,some tracks connected,2026-09-29,,,,yes,2,2,yes,false,yes,"Bereikbaar Perron, voldoet niet",2019-05-03,,yes,yes,0,1,yes,2,2,Toegankelijk
HDG,8400292,Hurdegaryp,53.2187973494,5.93453228474,Arriva,382,stoparea:17789,2,4,yes,,yes,true,2,2,0,0,0,3,5,some tracks connected,2026-09-29,,,2,yes,2,2,yes,false,yes,"Bereikbaar Perron, voldoet niet",2019-05-03,,yes,yes,0,1,partial,2,1,Herstel|Toegankelijk
IJT,8400722,IJlst,53.0147203138,5.61618357897,Arriva,73,stoparea:18169,1,2,yes,,yes,true,1,1,0,0,0,1,2,all tracks connected,2026-09-29,,,1,yes,1,1,yes,false,yes,Bereikbaar Perron,2019-05-03,,yes,yes,0,1,yes,1,1,Toegankelijk
KPN,8400353,Kampen,52.5597747139,5.92161744833,Blauwnet Keolis,108,stoparea:17805,1,2,yes,,yes,true,1,1,0,0,0,0,0,not modelled,2026-09-29,,,,yes,1,1,yes,true,yes,Bereikbaar Perron,2019-05-03,,yes,yes,0,1,yes,1,1,Toegankelijk
KPNZ,8400360,Kampen Zuid,52.5336169151,5.91265082359,NS,393,stoparea:17849,2,4,yes,,yes,true,2,2,0,0,2,0,4,all tracks connected,2026-09-29,2,VRIJ,,yes,2,2,yes,true,yes,Bereikbaar Perron,2019-05-03,,yes,yes,2,1,yes,2,2,Toegankelijk
BZL,8400354,Kapelle-Biezelinge,51.4804875549,3.95702004433,NS,549,stoparea:18139,2,4,yes,,yes,true,2,2,0,0,0,3,0,not modelled,2026-09-29,,,2,yes,2,2,yes,true,yes,Bereikbaar Perron,2019-05-03,,unknown,,0,1,yes,2,2,Toegankelijk
KRD,8400355,Kerkrade Centrum,50.8611901592,6.05727016926,Arriva,106,stoparea:18120,1,2,yes,,yes,true,2,2,0,0,0,1,2,all tracks connected,2026-09-29,,,,yes,1,1,yes,false,yes,Bereikbaar Perron,2019-05-03,,yes,yes,0,2,yes,2,2,Toegankelijk
KTR,8400359,Kesteren,51.9315816002,5.5831682682,RRReis Arriva,82,stoparea:17871,2,4,yes,,yes,true,2,2,0,0,0,2,3,some tracks connected,2026-09-29,,,,yes,2,2,yes,true,yes,"Bereikbaar Perron, voldoet niet",2019-05-03,,unknown,,0,1,yes,2,2,Toegankelijk
KBK,8400361,Klarenbeek,52.1780470643,6.08409762383,RRReis Arriva,92,stoparea:17886,2,4,yes,,yes,true,2,2,0,0,0,5,4,some tracks connected,2026-09-29,,,,yes,2,2,yes,true,yes,Bereikbaar Perron,2019-05-03,,yes,yes,0,1,yes,2,2,Toegankelijk
KMR,8400362,Klimmen-Ransdaal,50.8665262336,5.89029729366,Arriva,113,stoparea:17887,2,4,yes,,yes,true,2,2,0,0,0,2,4,all tracks connected,2026-09-29,,,,yes,2,2,yes,false,yes,Bereikbaar Perron,2019-05-03,,yes,yes,0,1,yes,2,2,Toegankelijk
KZ,8400363,Koog aan de Zaan,52.457621,4.805914,NS,1347,stoparea:194757,2,4,yes,,yes,true,2,2,0,0,0,2,3,some tracks connected,2026-09-29,,,,yes,2,2,yes,true,yes,"Bereikbaar Perron, voldoet niet",2019-05-03,,unknown,,0,1,yes,2,2,Toegankelijk
KMW,8400366,Koudum-Molkwerum,52.902818,5.41069,Arriva,73,stoparea:18045,1,2,yes,,yes,true,1,1,0,0,0,1,2,all tracks connected,2026-09-29,,,1,yes,1,1,yes,false,yes,"Bereikbaar Perron, voldoet niet",2019-05-03,,yes,yes,0,1,yes,1,1,Toegankelijk
KBD,8400367,Krabbendijke,51.4331932513,4.11706209183,NS,549,stoparea:17884,2,4,yes,,yes,true,2,2,0,0,0,2,3,some tracks connected,2026-09-29,,,,yes,2,2,yes,true,yes,Bereikbaar Perron,2019-05-03,,unknown,,0,1,partial,2,1,Herstel|Toegankelijk
KMA,8400368,Krommenie-Assendelft,52.4943583305,4.76149231195,NS,921,stoparea:18061,2,4,yes,,yes,true,2,2,0,0,2,2,6,all tracks connected,2026-09-29,2,VRIJ,,yes,2,2,yes,true,yes,"Bereikbaar Perron, voldoet niet",2019-05-03,,yes,yes,2,1,yes,2,2,Toegankelijk
KW,8400369,Kropswolde,53.1618315663,6.72221124172,Arriva,557,stoparea:18161,2,4,yes,,yes,true,2,2,0,0,0,2,4,all tracks connected,2026-09-29,,,2,yes,2,2,yes,false,yes,Bereikbaar Perron,2019-05-03,,unknown,,0,1,no,2,0,Herstel
KRG,8400370,Kruiningen-Yerseke,51.4654311629,4.0362739563,NS,549,stoparea:18121,2,2,yes,,yes,true,2,2,0,0,0,1,2,all tracks connected,2026-09-29,,,,yes,2,2,yes,true,yes,Bereikbaar Perron,2019-05-03,,unknown,,0,1,yes,2,2,Toegankelijk
ZLW,8400382,Lage Zwaluwe,51.6903831256,4.66302573681,NS,526,stoparea:18041,4,5,yes,,yes,true,4,4,0,0,2,0,4,some tracks connected,2026-09-29,2,VRIJ,1,yes,4,4,yes,true,yes,"Bereikbaar Perron, voldoet niet",2019-05-03,,unknown,,2,1,partial,4,3,Herstel|Toegankelijk
LG,8400548,Landgraaf,50.8962291446,6.01964950562,Arriva,280,stoparea:18167,3,5,yes,,yes,true,3,3,0,0,0,5,2,all tracks connected,2026-09-29,,,4,yes,3,3,yes,false,yes,"Bereikbaar Perron, voldoet niet",2019-05-03,,yes,yes,0,1,yes,3,3,Toegankelijk
LLZM,8400135,Lansingerland-Zoetermeer,52.042124,4.516875,NS,372,stoparea:298120,2,4,yes,,yes,true,2,2,0,0,4,1,10,all tracks connected,2026-09-29,4,VRIJ,,yes,2,2,yes,true,yes,Bereikbaar Perron,2019-05-03,,yes,yes,4,1,yes,2,2,Toegankelijk
LDM,8400386,Leerdam,51.8945133227,5.09360611439,R-net Qbuzz,124,stoparea:18029,2,4,yes,,yes,true,2,2,0,0,0,3,7,all tracks connected,2026-09-29,,,,yes,2,2,yes,false,yes,Bereikbaar Perron,2019-05-03,,unknown,,0,1,yes,2,2,Toegankelijk
LW,8400387,Leeuwarden,53.1964793547,5.79295992851,Arriva|NS,1500,stoparea:18173,7,5,yes,,yes,true,6,6,0,0,2,0,17,some tracks connected,2026-09-29,2,VRIJ,1,unknown,0,7,no,true,yes,Bereikbaar Perron,2019-05-03,,yes,yes,2,1,partial,7,5,Herstel|Toegankelijk
LWC,8400389,Leeuwarden Camminghaburen,53.202186465,5.84256470203,Arriva,382,stoparea:17853,1,2,yes,,yes,true,1,1,0,0,0,0,0,not modelled,2026-09-29,,,,yes,1,1,yes,false,yes,Bereikbaar Perron,2019-05-03,,yes,yes,0,1,yes,1,1,Toegankelijk
LEDN,8400390,Leiden Centraal,52.1663529517,4.48206782341,NS|NS International,4732,stoparea:18039,11,5,yes,,yes,true,6,6,0,0,3,0,28,all tracks connected,2026-09-29,3,VRIJ,,yes,11,11,yes,true,yes,Bereikbaar Perron,2019-05-03,,yes,yes,4,1,partial,6,4,Herstel|Toegankelijk
LDL,8400384,Leiden Lammenschans,52.1465388195,4.49349403381,NS,416,stoparea:18028,1,2,yes,,yes,true,1,1,0,0,0,1,2,all tracks connected,2026-09-29,,,,yes,1,1,yes,true,yes,"Bereikbaar Perron, voldoet niet",2019-05-03,,yes,yes,0,1,yes,1,1,Toegankelijk
LLS,8400394,Lelystad Centrum,52.5080149133,5.47285705805,Arriva|NS|NS International,2042,stoparea:18006,4,4,yes,,yes,true,4,4,0,0,2,0,10,all tracks connected,2026-09-29,2,VRIJ,,yes,4,4,yes,true,yes,Bereikbaar Perron,2019-05-03,,yes,yes,2,1,yes,4,4,Toegankelijk
LTV,8400395,Lichtenvoorde-Groenlo,52.0121181345,6.59532666206,RRReis Arriva,129,stoparea:18310,2,4,yes,,yes,true,2,2,0,0,0,2,4,all tracks connected,2026-09-29,,,,yes,2,2,yes,true,yes,Bereikbaar Perron,2019-05-03,,unknown,,0,1,yes,2,2,Toegankelijk
LC,8400399,Lochem,52.1668053764,6.42605781555,Blauwnet Arriva,101,stoparea:18166,2,2,yes,,yes,true,2,2,0,0,0,1,2,all tracks connected,2026-09-29,,,,yes,2,2,yes,false,yes,Bereikbaar Perron,2019-05-03,,unknown,,0,1,yes,2,2,Toegankelijk
LP,8400403,Loppersum,53.3346530554,6.7475259304,Arriva,130,stoparea:18172,2,2,yes,,yes,true,2,2,0,0,0,1,2,all tracks connected,2026-09-29,,,1,yes,2,2,yes,false,yes,Bereikbaar Perron,2019-05-03,,unknown,,0,1,yes,2,2,Toegankelijk
LTN,8400405,Lunteren,52.0850871313,5.62413096428,RRReis Keolis,252,stoparea:18283,2,4,yes,,yes,true,2,2,0,0,0,4,8,all tracks connected,2026-09-29,,,4,yes,2,2,yes,false,yes,"Bereikbaar Perron, voldoet niet",2019-05-03,,yes,yes,0,1,yes,2,2,Toegankelijk
MZ,8400432,Maarheeze,51.3038965117,5.6306219101,NS,175,stoparea:17973,2,4,yes,,yes,true,2,2,0,0,0,2,2,no tracks connected,2026-09-29,,,,yes,2,2,yes,true,yes,"Bereikbaar Perron, voldoet niet",2019-05-03,,unknown,,0,1,yes,2,2,Toegankelijk
MRN,8400417,Maarn,52.0643612491,5.37041008472,NS,304,stoparea:18140,2,4,yes,,yes,true,2,2,0,0,2,1,4,all tracks connected,2026-09-29,2,VRIJ|VRIJ PRCB,,yes,2,2,yes,true,yes,Bereikbaar Perron,2019-05-03,,yes,yes,2,1,yes,2,2,Toegankelijk
MAS,8400419,Maarssen,52.1356842895,5.03282725811,NS,567,stoparea:18307,2,2,yes,,yes,true,2,2,0,0,3,0,7,all tracks connected,2026-09-29,3,PROJ PRCB,,yes,2,2,yes,true,yes,Bereikbaar Perron,2019-05-03,,unknown,,3,1,yes,2,2,Toegankelijk
MT,8400424,Maastricht,50.8497439807,5.70544481277,Arriva|NS,1405,stoparea:17969,8,5,yes,,yes,true,4,4,0,0,3,2,14,all tracks connected,2026-09-29,3,VRIJ,,unknown,0,8,no,true,yes,Bereikbaar Perron,2019-05-03,,yes,yes,3,1,partial,6,3,Herstel|Toegankelijk
MTN,8400449,Maastricht Noord,50.870688,5.717336,Arriva,113,stoparea:30382,2,4,yes,,yes,true,2,2,0,0,1,10,9,all tracks connected,2026-09-29,1,VRIJ,,yes,2,2,yes,false,yes,Bereikbaar Perron,2019-05-03,,unknown,,1,1,yes,2,2,Toegankelijk
MTR,8400426,Maastricht Randwyck,50.8374514504,5.71757376194,Arriva,243,stoparea:17938,3,4,yes,,yes,true,3,3,0,0,2,1,6,all tracks connected,2026-09-29,2,VRIJ,,yes,3,3,yes,false,yes,"Bereikbaar Perron, voldoet niet",2019-05-03,,yes,yes,2,1,no,3,0,Herstel
MG,8400427,Mantgum,53.1297114948,5.71334660053,Arriva,116,stoparea:17967,2,4,yes,,yes,true,2,2,0,0,0,2,4,all tracks connected,2026-09-29,,,2,yes,2,2,yes,false,yes,"Bereikbaar Perron, voldoet niet",2019-05-03,,yes,yes,0,1,yes,2,2,Toegankelijk
MRB,8400428,Mariënberg,52.5090123764,6.57406210899,Blauwnet Arriva,264,stoparea:489909,3,4,yes,,yes,true,3,3,0,0,0,2,4,all tracks connected,2026-09-29,,,3,yes,3,3,yes,false,yes,Bereikbaar Perron,2019-05-03,,unknown,,0,1,partial,3,2,Herstel|Toegankelijk
MTH,8400430,Martenshoek,53.1609084858,6.74005866051,Arriva,557,stoparea:17934,2,4,yes,,yes,true,2,2,0,0,0,1,2,some tracks connected,2026-09-29,,,2,yes,2,2,yes,false,yes,"Bereikbaar Perron, voldoet niet",2019-05-03,,yes,yes,0,1,yes,2,2,Toegankelijk
MES,8400434,Meerssen,50.8827304764,5.7506775856,Arriva,298,stoparea:17812,2,4,yes,,yes,true,2,2,0,0,0,2,4,all tracks connected,2026-09-29,,,,yes,2,2,yes,false,yes,Bereikbaar Perron,2019-05-03,,yes,yes,0,1,yes,2,2,Toegankelijk
MP,8400435,Meppel,52.6918939124,6.19760602713,Arriva|NS,884,stoparea:17970,2,4,yes,,yes,true,3,3,0,0,3,2,10,all tracks connected,2026-09-29,3,VRIJ,2,yes,2,2,yes,true,yes,Bereikbaar Perron,2019-05-03,,yes,yes,3,1,yes,3,3,Toegankelijk
MDB,8400436,Middelburg,51.4951983216,3.61801028252,NS,798,stoparea:18247,2,4,yes,,yes,true,2,2,0,0,2,3,12,all tracks connected,2026-09-29,2,VRIJ,,unknown,0,2,no,true,yes,Bereikbaar Perron,2019-05-03,,unknown,,2,1,no,2,0,Nog te doen
MMLH,8400446,Mook-Molenhoek,51.7662563307,5.87913930416,Arriva,331,stoparea:364239,2,4,yes,,yes,true,2,2,0,0,0,2,3,some tracks connected,2026-09-29,,,,yes,2,2,yes,false,yes,Bereikbaar Perron,2019-05-03,,yes,yes,0,1,yes,2,2,Toegankelijk
NDB,8400452,Naarden-Bussum,52.2807649886,5.15704572201,NS,1388,stoparea:18332,2,4,yes,,yes,true,3,3,0,0,2,4,8,all tracks connected,2026-09-29,2,VRIJ,3,unknown,0,2,no,true,yes,"Bereikbaar Perron, voldoet niet",2019-05-03,,yes,yes,1,1,partial,2,1,Herstel|Toegankelijk
NA,8400454,Nieuw Amsterdam,52.7185665751,6.84881687164,Blauwnet Arriva,186,stoparea:17858,2,4,yes,,yes,true,2,2,0,0,0,0,0,not modelled,2026-09-29,,,3,yes,2,2,yes,false,yes,Bereikbaar Perron,2019-05-03,,unknown,,0,1,yes,2,2,Toegankelijk
NVP,8400460,Nieuw Vennep,52.259016991,4.64559137821,NS,937,stoparea:17785,2,4,yes,,yes,true,2,2,0,0,2,0,4,all tracks connected,2026-09-29,2,VRIJ,,yes,2,2,yes,true,yes,Bereikbaar Perron,2019-05-03,,unknown,,2,1,partial,2,1,Herstel|Toegankelijk
NWK,8400455,Nieuwerkerk a/d IJssel,51.965373675,4.61695879698,NS,777,stoparea:489901,2,4,yes,,yes,true,2,2,0,0,2,2,5,all tracks connected,2026-09-29,2,VRIJ,,unknown,0,2,no,true,yes,Bereikbaar Perron,2019-05-03,,partial,limited,2,1,no,2,0,Herstel
NKK,8400469,Nijkerk,52.2221129213,5.49343496561,NS,372,stoparea:18260,2,4,yes,,yes,true,2,2,0,0,0,4,8,all tracks connected,2026-09-29,,,,yes,2,2,yes,true,yes,Bereikbaar Perron,2019-05-03,,unknown,,0,1,yes,2,2,Toegankelijk
NM,8400470,Nijmegen,51.8432285026,5.85303068161,Arriva|NS,2546,stoparea:17857,5,4,yes,,yes,true,4,4,0,0,2,4,18,all tracks connected,2026-09-29,2,VRIJ,,unknown,0,5,no,true,yes,"Bereikbaar Perron, voldoet niet",2019-05-03,,yes,yes,2,1,no,4,0,Herstel
NMD,8400475,Nijmegen Dukenburg,51.8238792462,5.79487502575,NS,440,stoparea:18095,2,4,yes,"other source says no; lifts/ramps present, likely upgraded since",yes,true,2,2,0,0,2,1,4,all tracks connected,2026-09-29,2,VRIJ,,yes,2,2,yes,true,yes,Bereikbaar Perron,2019-05-03,,no,no,2,1,no,2,0,Herstel
NMGO,8400477,Nijmegen Goffert,51.8272711425161,5.82233429701202,NS,440,stoparea:109708,2,4,yes,,yes,true,2,2,0,0,2,0,4,all tracks connected,2026-09-29,2,VRIJ,,yes,2,2,yes,true,yes,Bereikbaar Perron,2019-05-03,,yes,yes,2,1,yes,2,2,Toegankelijk
NMH,8400468,Nijmegen Heyendaal,51.8267471869,5.86773186922,Arriva,331,stoparea:18098,2,4,yes,,yes,true,2,2,0,0,2,0,5,all tracks connected,2026-09-29,2,VRIJ,,yes,2,2,yes,false,yes,Bereikbaar Perron,2019-05-03,,partial,limited,2,1,no,2,0,Nog te doen
NML,8400451,Nijmegen Lent,51.8641463089,5.85944652557,NS,310,stoparea:18100,2,4,yes,,yes,true,2,2,0,0,2,0,4,all tracks connected,2026-09-29,2,VRIJ,,yes,2,2,yes,true,yes,Bereikbaar Perron,2019-05-03,,yes,yes,2,1,yes,2,2,Toegankelijk
NVD,8400472,Nijverdal,52.3655605181,6.47051811218,Blauwnet Keolis,159,stoparea:17778,2,4,yes,,yes,true,2,2,0,0,2,0,4,all tracks connected,2026-09-29,2,VRIJ,,yes,2,2,yes,true,yes,Bereikbaar Perron,2019-05-03,,yes,yes,2,1,yes,2,2,Toegankelijk
NS,8400466,Nunspeet,52.371019,5.78469,NS,424,stoparea:17852,2,2,yes,,yes,true,2,2,0,0,1,1,2,no tracks connected,2026-09-29,1,VRIJ,,yes,2,2,yes,true,yes,Bereikbaar Perron,2019-05-03,,yes,yes,1,1,yes,2,2,Toegankelijk
NH,8400467,Nuth,50.9198331019,5.89235723019,Arriva,78,stoparea:17856,2,2,yes,,yes,true,2,2,0,0,0,1,2,all tracks connected,2026-09-29,,,,yes,2,2,yes,false,yes,Bereikbaar Perron,2019-05-03,,yes,yes,0,1,yes,2,2,Toegankelijk
OBD,8400480,Obdam,52.6780375892,4.90926325321,NS,532,stoparea:18255,2,2,yes,,yes,true,2,2,0,0,0,1,11,all tracks connected,2026-09-29,,,,unknown,0,2,no,true,yes,Bereikbaar Perron,2019-05-03,,unknown,,0,1,partial,2,1,Herstel|Toegankelijk
OT,8400482,Oisterwijk,51.581949927,5.19344329834,NS,250,stoparea:18232,2,4,yes,,yes,true,3,3,0,0,2,1,7,all tracks connected,2026-09-29,2,VRIJ,,yes,2,2,yes,true,yes,Bereikbaar Perron,2019-05-03,,unknown,,2,1,yes,2,2,Toegankelijk
ODZ,8400483,Oldenzaal,52.3064221046,6.93367660046,Blauwnet Arriva|Eurobahn,149,stoparea:17915,3,4,yes,,yes,true,2,2,0,0,0,1,3,some tracks connected,2026-09-29,,,,yes,3,3,yes,false,yes,Bereikbaar Perron,2019-05-03,,unknown,,0,1,yes,3,3,Toegankelijk
OST,8400486,Olst,52.3357127473,6.11323714256,NS,386,stoparea:18165,2,2,yes,,yes,true,3,3,0,0,0,1,2,all tracks connected,2026-09-29,,,,unknown,0,2,no,true,yes,Bereikbaar Perron,2019-05-03,,unknown,,0,1,partial,2,1,Herstel|Toegankelijk
OMN,8400487,Ommen,52.5098808529,6.41733527184,Blauwnet Arriva,206,stoparea:17906,2,4,yes,,yes,true,2,2,0,0,0,2,3,all tracks connected,2026-09-29,,,2,yes,2,2,yes,false,yes,"Bereikbaar Perron, voldoet niet",2019-05-03,,yes,yes,0,1,yes,2,2,Toegankelijk
OTB,8400489,Oosterbeek,51.9949159018,5.84069788456,NS,85,stoparea:18159,2,4,yes,,yes,true,2,2,0,0,0,2,4,all tracks connected,2026-09-29,,,2,yes,2,2,yes,true,yes,Bereikbaar Perron,2020-07-21,,yes,yes,0,1,yes,2,2,Toegankelijk
OP,8400494,Opheusden,51.9261615884,5.6371986866,RRReis Arriva,82,stoparea:18229,2,4,yes,,yes,true,2,2,0,0,0,2,4,all tracks connected,2026-09-29,,,,yes,2,2,yes,true,yes,"Bereikbaar Perron, voldoet niet",2019-05-03,,unknown,,0,1,yes,2,2,Toegankelijk
O,8400495,Oss,51.7651308763,5.53030729294,NS,770,stoparea:18007,2,4,yes,,yes,true,2,2,0,0,0,2,5,all tracks connected,2026-09-29,,,,yes,2,2,yes,true,yes,Bereikbaar Perron,2019-05-03,,yes,yes,0,1,yes,2,2,Toegankelijk
OW,8400496,Oss West,51.7583709192,5.50670385361,NS,386,stoparea:18231,2,4,yes,,yes,true,2,2,0,0,0,2,4,all tracks connected,2026-09-29,,,2,yes,2,2,yes,true,yes,"Bereikbaar Perron, voldoet niet",2019-05-03,,yes,yes,0,1,yes,2,2,Toegankelijk
ODB,8400498,Oudenbosch,51.5878996933,4.53316658735,NS,141,stoparea:18170,2,4,yes,,yes,true,3,3,0,0,0,2,7,all tracks connected,2026-09-29,,,,unknown,0,2,no,true,yes,"Bereikbaar Perron, voldoet niet",2019-05-03,,yes,yes,0,1,partial,2,1,Herstel|Toegankelijk
OVN,8400501,Overveen,52.3910801115,4.60678517818,NS,517,stoparea:17898,2,2,yes,,yes,true,2,2,0,0,0,1,2,all tracks connected,2026-09-29,,,,yes,2,2,yes,true,yes,"Bereikbaar Perron, voldoet niet",2019-05-03,,yes,yes,0,1,yes,2,2,Toegankelijk
PMR,8400508,Purmerend,52.5036950327,4.95416879654,NS,603,stoparea:18012,2,4,yes,,yes,true,2,2,0,0,2,3,7,all tracks connected,2026-09-29,2,VRIJ,,yes,2,2,yes,true,yes,Bereikbaar Perron,2019-05-03,,unknown,,2,1,yes,2,2,Toegankelijk
PMO,8400506,Purmerend Overwhere,52.5113075984,4.96743634343,NS,594,stoparea:18008,2,4,yes,,yes,true,2,2,0,0,0,3,6,all tracks connected,2026-09-29,,,,yes,2,2,yes,true,yes,Bereikbaar Perron,2019-05-03,,unknown,,0,1,yes,2,2,Toegankelijk
PMW,8400499,Purmerend Weidevenne,52.4963754906,4.93502184749,NS,594,stoparea:18014,2,4,yes,,yes,true,2,2,0,0,2,0,6,all tracks connected,2026-09-29,2,VRIJ,,yes,2,2,yes,true,yes,Bereikbaar Perron,2019-05-03,,yes,yes,2,1,yes,2,2,Toegankelijk
PT,8400509,Putten,52.2652355454,5.57574927807,NS,443,stoparea:17961,2,4,yes,,yes,true,2,2,0,0,0,2,5,all tracks connected,2026-09-29,,,,yes,2,2,yes,true,yes,Bereikbaar Perron,2019-05-03,,yes,yes,0,1,yes,2,2,Toegankelijk
RAT,8400513,Raalte,52.3910408266,6.27850413322,Blauwnet Keolis,159,stoparea:17991,2,2,yes,,yes,true,2,2,0,0,0,1,2,some tracks connected,2026-09-29,,,2,yes,2,2,yes,true,yes,Bereikbaar Perron,2019-05-03,,unknown,,0,1,yes,2,2,Toegankelijk
RVS,8400515,Ravenstein,51.7947783926,5.63749372959,NS,384,stoparea:18155,2,4,yes,,yes,true,2,2,0,0,0,2,4,all tracks connected,2026-09-29,,,,yes,2,2,yes,true,yes,Bereikbaar Perron,2019-05-03,,unknown,,0,1,yes,2,2,Toegankelijk
RV,8400518,Reuver,51.2830346253,6.07918918133,Arriva,204,stoparea:18150,2,4,yes,,yes,true,2,2,0,0,0,2,4,all tracks connected,2026-09-29,,,,yes,2,2,yes,false,yes,"Bereikbaar Perron, voldoet niet",2019-05-03,,yes,yes,0,1,no,2,0,Nog te doen
RH,8400519,Rheden,52.0100808952,6.03140830994,NS,128,stoparea:18156,2,4,yes,,yes,true,2,2,0,0,0,4,7,all tracks connected,2026-09-29,,,1,yes,2,2,yes,true,yes,Bereikbaar Perron,2019-05-03,,unknown,,0,1,yes,2,2,Toegankelijk
RHN,8400517,Rhenen,51.9585875454,5.5783188343,NS,304,stoparea:17921,1,2,yes,,yes,true,1,1,0,0,0,2,5,all tracks connected,2026-09-29,,,1,yes,1,1,yes,true,yes,Bereikbaar Perron,2020-07-21,,yes,yes,0,1,yes,1,1,Toegankelijk
RSN,8400538,Rijssen,52.3115845407,6.51939868927,NS,218,stoparea:17875,2,2,yes,,yes,true,3,3,0,0,1,0,1,no tracks connected,2026-09-29,1,VRIJ,,yes,2,2,yes,true,yes,Bereikbaar Perron,2019-05-03,,yes,yes,1,1,yes,2,2,Toegankelijk
RSW,8400505,Rijswijk,52.0393923546,4.31972444057,NS,1043,stoparea:17958,4,4,yes,,yes,true,4,4,0,0,2,0,8,all tracks connected,2026-09-29,2,VRIJ,,yes,4,4,yes,true,yes,Bereikbaar Perron,2019-05-03,,unknown,,2,1,yes,4,4,Toegankelijk
RB,8400521,Rilland-Bath,51.4226139374,4.16105031967,NS,549,stoparea:18160,2,4,yes,,yes,true,2,2,0,0,0,3,2,all tracks connected,2026-09-29,,,,yes,2,2,yes,true,yes,Bereikbaar Perron,2019-05-03,,unknown,,0,1,partial,2,1,Herstel|Toegankelijk
RM,8400523,Roermond,51.1925101046,5.99384665489,Arriva|NS,1760,stoparea:18152,4,4,yes,,yes,true,3,3,0,0,2,2,11,some tracks connected,2026-09-29,2,VRIJ,,yes,4,4,yes,true,yes,"Bereikbaar Perron, voldoet niet",2019-05-03,,yes,yes,2,1,partial,3,2,Herstel|Toegankelijk
RD,8400525,Roodeschool,53.4191078355,6.76065802574,Arriva,186,stoparea:17870,1,2,yes,,yes,true,1,1,0,0,0,1,1,no tracks connected,2026-09-29,,,1,yes,1,1,yes,false,yes,Bereikbaar Perron,2019-05-03,,yes,yes,0,1,yes,1,1,Toegankelijk
RSD,8400526,Roosendaal,51.5403131107,4.45901691914,European Sleeper|NMBS|NS|NS International,1905,stoparea:17963,8,4,yes,,yes,true,3,3,0,0,2,4,13,all tracks connected,2026-09-29,2,VRIJ,,unknown,0,8,no,true,yes,Bereikbaar Perron,2019-05-03,,unknown,,2,1,no,3,0,Herstel
RS,8400524,Rosmalen,51.715151026,5.36923795938,NS,386,stoparea:18151,2,4,yes,,yes,true,2,2,0,0,0,2,4,all tracks connected,2026-09-29,,,,yes,2,2,yes,true,yes,Bereikbaar Perron,2019-05-03,,yes,yes,0,1,yes,2,2,Toegankelijk
RTA,8400507,Rotterdam Alexander,51.9516764051,4.55200374126,NS,1365,stoparea:18051,2,4,yes,,yes,true,2,2,0,0,2,0,15,all tracks connected,2026-09-29,2,VRIJ,,unknown,0,2,no,true,yes,"Bereikbaar Perron, voldoet niet",2019-05-03,,yes,yes,4,1,no,2,0,Herstel
RTB,8400529,Rotterdam Blaak,51.9202727655,4.48890209198,NS,2607,stoparea:17891,4,4,yes,,yes,true,4,4,0,0,2,0,17,all tracks connected,2026-09-29,2,VRIJ,,yes,4,4,yes,true,yes,Bereikbaar Perron,2019-05-03,,unknown,,,,partial,4,3,Herstel|Toegankelijk
RTD,8400530,Rotterdam Centraal,51.9243834438,4.4697457552,European Sleeper|NS|NS International,6761,stoparea:17894,13,5,yes,,yes,true,13,13,0,0,7,10,76,all tracks connected,2026-09-29,7,VRIJ PRCB,,unknown,0,13,no,true,yes,Bereikbaar Perron,2019-05-03,,yes,yes,8,1,partial,13,10,Herstel|Toegankelijk
RLB,8400542,Rotterdam Lombardijen,51.8804682307,4.53098058701,NS,1041,stoparea:18132,4,4,yes,,yes,true,4,4,0,0,4,0,9,some tracks connected,2026-09-29,4,VRIJ,,yes,4,4,yes,true,yes,Bereikbaar Perron,2019-05-03,,yes,yes,2,1,yes,4,4,Toegankelijk
RTN,8400531,Rotterdam Noord,51.9422708488,4.48164135218,NS,777,stoparea:17888,2,4,yes,,yes,true,2,2,0,0,1,1,4,all tracks connected,2026-09-29,1,VRIJ,1,unknown,0,2,no,true,yes,"Bereikbaar Perron, voldoet niet",2019-05-03,,unknown,,1,1,no,2,0,Nog te doen
RTST,8400534,Rotterdam Stadion,51.894020064,4.5201176405,NS,59,stoparea:27861,5,2,unknown,other source says no; no lift or ramp in EPIAP or ProRail register,yes,true,1,1,0,0,0,0,0,not modelled,2026-09-29,,,,unknown,0,5,no,false,no,Evenementenstation,2019-05-03,,unknown,,0,1,partial,2,1,Herstel|Toegankelijk
RTZ,8400533,Rotterdam Zuid,51.9037915352,4.51088547707,NS,1040,stoparea:17895,4,5,yes,,yes,true,4,4,0,0,4,1,10,all tracks connected,2026-09-29,4,VRIJ,,yes,4,4,yes,true,yes,Bereikbaar Perron,2019-05-03,,unknown,,4,1,yes,4,4,Toegankelijk
RL,8400537,Ruurlo,52.0810538229,6.4495164156,RRReis Arriva,129,stoparea:18153,2,2,yes,,yes,true,2,2,0,0,0,1,2,all tracks connected,2026-09-29,,,,yes,2,2,yes,true,yes,Bereikbaar Perron,2019-05-03,,yes,yes,0,1,yes,2,2,Toegankelijk
SPTN,8400543,Santpoort Noord,52.4337391671,4.63278114796,NS,1004,stoparea:17956,2,4,yes,,yes,true,2,2,0,0,0,5,8,all tracks connected,2026-09-29,,,,yes,2,2,yes,true,yes,Bereikbaar Perron,2019-05-03,,unknown,,0,1,yes,2,2,Toegankelijk
SPTZ,8400544,Santpoort Zuid,52.4197536249,4.63137567043,NS,1004,stoparea:17962,2,2,yes,,yes,true,2,2,0,0,0,1,2,all tracks connected,2026-09-29,,,,unknown,0,2,no,true,yes,Bereikbaar Perron,2019-05-03,,unknown,,0,1,no,2,0,Nog te doen
SSH,8400603,Sassenheim,52.2176910471,4.52851295471,NS,939,stoparea:18056,2,4,yes,,yes,true,2,2,0,0,0,2,4,all tracks connected,2026-09-29,,,,unknown,0,2,no,true,yes,"Bereikbaar Perron, voldoet niet",2019-05-03,,yes,yes,0,1,no,2,0,Herstel
SWD,8400547,Sauwerd,53.2915018915,6.54013216496,Arriva,318,stoparea:18136,2,4,yes,,yes,true,2,2,0,0,0,2,4,all tracks connected,2026-09-29,,,2,yes,2,2,yes,false,yes,Bereikbaar Perron,2019-05-03,,yes,yes,0,1,no,2,0,Herstel
SGN,8400549,Schagen,52.7853083261,4.80504333973,NS,977,stoparea:17841,2,4,yes,,yes,true,3,3,0,0,2,6,14,all tracks connected,2026-09-29,2,VRIJ,,yes,2,2,yes,true,yes,Bereikbaar Perron,2019-05-03,,yes,yes,2,1,yes,3,3,Toegankelijk
SDA,8400551,Scheemda,53.1654850978,6.97806179523,Arriva,605,stoparea:17960,2,4,yes,,yes,true,2,2,0,0,0,2,4,all tracks connected,2026-09-29,,,2,yes,2,2,yes,false,yes,Bereikbaar Perron,2019-05-03,,yes,yes,0,1,yes,2,2,Toegankelijk
SDM,8400553,Schiedam Centrum,51.9218476051,4.40959990025,NS,2803,stoparea:17964,4,5,yes,,yes,true,4,4,0,0,4,3,16,all tracks connected,2026-09-29,4,VRIJ|VRIJ PRCB,,unknown,0,4,no,true,yes,"Bereikbaar Perron, voldoet niet",2019-05-03,,unknown,,,,partial,4,1,Herstel|Toegankelijk
SOG,8400555,Schin op Geul,50.8561040681,5.87176859379,Arriva,113,stoparea:18126,2,4,yes,,yes,true,2,2,0,0,0,2,4,all tracks connected,2026-09-29,,,,yes,2,2,yes,false,yes,Bereikbaar Perron,2019-05-03,,yes,yes,0,2,yes,2,2,Toegankelijk
SN,8400554,Schinnen,50.9388465849,5.87498992682,Arriva,78,stoparea:18020,2,4,yes,,yes,true,2,2,0,0,0,2,4,all tracks connected,2026-09-29,,,,yes,2,2,yes,false,yes,"Bereikbaar Perron, voldoet niet",2019-05-03,,yes,yes,0,1,yes,2,2,Toegankelijk
SHL,8400561,Schiphol Airport,52.3094560107,4.76228356361,Arriva|NS|NS International,6578,stoparea:165460,4,5,yes,,yes,true,6,6,0,0,3,0,18,all tracks connected,2026-09-29,3,VRIJ,,yes,4,4,yes,true,yes,Bereikbaar Perron,2019-05-03,,yes,yes,20,1,partial,6,3,Herstel|Toegankelijk
STD,8400564,Sittard,51.0013602335,5.85907101631,Arriva|NS,1661,stoparea:18196,6,4,yes,,yes,true,4,4,0,0,2,3,14,all tracks connected,2026-09-29,2,VRIJ PRCB,,unknown,0,6,no,true,yes,Bereikbaar Perron,2019-05-03,,yes,yes,2,1,partial,4,1,Herstel|Toegankelijk
SDT,8400565,Sliedrecht,51.8294757054,4.77819979191,R-net Qbuzz,199,stoparea:17957,2,4,yes,,yes,true,2,2,0,0,0,2,4,all tracks connected,2026-09-29,,,,yes,2,2,yes,false,yes,"Bereikbaar Perron, voldoet niet",2019-05-03,,yes,yes,0,1,partial,2,1,Herstel|Toegankelijk
SDTB,8400497,Sliedrecht Baanhoek,51.8283783503,4.74259614944,R-net Qbuzz,199,stoparea:17819,1,2,yes,,yes,true,1,1,0,0,1,0,2,all tracks connected,2026-09-29,1,VRIJ,,yes,1,1,yes,false,yes,Bereikbaar Perron,2019-05-03,,yes,yes,1,1,no,1,0,Herstel
SK,8400566,Sneek,53.0325296457,5.65191328526,Arriva,129,stoparea:18023,2,4,yes,,yes,true,2,2,0,0,0,3,6,all tracks connected,2026-09-29,,,5,yes,2,2,yes,false,yes,Bereikbaar Perron,2019-05-03,,yes,yes,0,1,yes,2,2,Toegankelijk
SKND,8400574,Sneek Noord,53.0400922327,5.66286206245,Arriva,128,stoparea:18228,2,4,yes,,yes,true,2,2,0,0,0,2,4,all tracks connected,2026-09-29,,,2,yes,2,2,yes,false,yes,"Bereikbaar Perron, voldoet niet",2019-05-03,,yes,yes,0,1,yes,2,2,Toegankelijk
ST,8400567,Soest,52.1727407626,5.31043052673,NS,232,stoparea:18019,2,2,yes,,yes,true,2,2,0,0,0,1,0,not modelled,2026-09-29,,,,yes,2,2,yes,true,yes,Bereikbaar Perron,2019-05-03,,unknown,,0,1,yes,2,2,Toegankelijk
STZ,8400571,Soest Zuid,52.1651782712,5.30300885439,NS,232,stoparea:18245,1,2,yes,,yes,true,1,1,0,0,0,1,2,all tracks connected,2026-09-29,,,,yes,1,1,yes,true,yes,Bereikbaar Perron,2019-05-03,,yes,yes,0,1,yes,1,1,Toegankelijk
SD,8400569,Soestdijk,52.1839020129,5.29981970787,NS,232,stoparea:18024,1,2,yes,,yes,true,1,1,0,0,0,1,2,all tracks connected,2026-09-29,,,1,yes,1,1,yes,true,yes,Bereikbaar Perron,2019-05-03,,partial,limited,0,1,yes,1,1,Toegankelijk
SBK,8400572,Spaubeek,50.9433338299,5.8493694663,Arriva,78,stoparea:18212,2,4,yes,,yes,true,2,2,0,0,0,2,1,no tracks connected,2026-09-29,,,2,yes,2,2,yes,false,yes,"Bereikbaar Perron, voldoet niet",2019-05-03,,unknown,,0,1,yes,2,2,Toegankelijk
STV,8400575,Stavoren,52.8865572658,5.36007285118,Arriva,73,stoparea:18199,1,2,yes,,yes,true,1,1,0,0,0,0,0,not modelled,2026-09-29,,,,yes,1,1,yes,false,yes,Bereikbaar Perron,2019-05-03,,yes,yes,0,1,no,1,0,Herstel
STM,8400576,Stedum,53.3262018886,6.68717086315,Arriva,130,stoparea:18198,1,2,yes,,yes,true,2,2,0,0,0,1,2,all tracks connected,2026-09-29,,,1,yes,1,1,yes,false,yes,Bereikbaar Perron,2019-05-03,,unknown,,0,1,yes,2,2,Toegankelijk
SWK,8400578,Steenwijk,52.7909483811,6.1164611578,NS,663,stoparea:18295,2,2,yes,,yes,true,2,2,0,0,0,1,1,no tracks connected,2026-09-29,,,1,yes,2,2,yes,true,yes,Bereikbaar Perron,2019-05-03,,yes,yes,0,1,yes,2,2,Toegankelijk
SRN,8400582,Susteren,51.0607032406,5.86264371872,Arriva,83,stoparea:17878,2,4,yes,,yes,true,2,2,0,0,0,1,2,some tracks connected,2026-09-29,,,,yes,2,2,yes,false,yes,Bereikbaar Perron,2019-05-03,,yes,yes,0,1,yes,2,2,Toegankelijk
SM,8400583,Swalmen,51.2363554455,6.03306055069,Arriva,204,stoparea:18022,2,4,yes,,yes,true,2,2,0,0,0,2,4,all tracks connected,2026-09-29,,,,yes,2,2,yes,false,yes,Bereikbaar Perron,2019-05-03,,unknown,,0,1,no,2,0,Nog te doen
TG,8400591,Tegelen,51.3393406368,6.14325374365,Arriva,204,stoparea:18031,2,4,yes,,yes,true,2,2,0,0,2,0,4,all tracks connected,2026-09-29,2,VRIJ,,yes,2,2,yes,false,yes,Bereikbaar Perron,2019-05-03,,unknown,,2,1,no,2,0,Nog te doen
TBG,8400592,Terborg,51.9226168081,6.36395931244,RRReis Arriva,131,stoparea:18183,2,2,yes,,yes,true,2,2,0,0,0,1,2,all tracks connected,2026-09-29,,,,yes,2,2,yes,true,yes,"Bereikbaar Perron, voldoet niet",2019-05-03,,unknown,,0,1,yes,2,2,Toegankelijk
TL,8400596,Tiel,51.88957056,5.42323887348,NS|RRReis Arriva,493,stoparea:18027,2,2,yes,,yes,true,2,2,0,0,0,2,4,all tracks connected,2026-09-29,,,,yes,2,2,yes,true,yes,Bereikbaar Perron,2019-05-03,,yes,yes,0,1,yes,2,2,Toegankelijk
TPSW,8400600,Tiel Passewaaij,51.8741660478,5.39250612259,NS,411,stoparea:17816,1,2,yes,,yes,true,1,1,0,0,0,1,2,all tracks connected,2026-09-29,,,,yes,1,1,yes,true,yes,Bereikbaar Perron,2019-05-03,,unknown,,0,1,yes,1,1,Toegankelijk
TB,8400597,Tilburg,51.5605476622,5.08345663548,NS,1656,stoparea:18288,4,5,yes,,yes,true,3,3,0,0,3,0,19,all tracks connected,2026-09-29,3,VRIJ,,unknown,0,4,no,true,yes,Bereikbaar Perron,2019-05-03,,yes,yes,0,1,partial,4,2,Herstel|Toegankelijk
TBR,8400598,Tilburg Reeshof,51.573855661,4.99356508255,NS,390,stoparea:18021,2,4,yes,,yes,true,2,2,0,0,2,5,8,all tracks connected,2026-09-29,2,VRIJ PRCB,,yes,2,2,yes,true,yes,Bereikbaar Perron,2019-09-25,,yes,yes,0,1,yes,2,2,Toegankelijk
TBU,8400594,Tilburg Universiteit,51.5651563853,5.05010604858,NS,640,stoparea:18192,3,4,yes,,yes,true,3,3,0,0,2,3,4,all tracks connected,2026-09-29,2,VRIJ,1,yes,3,3,yes,true,yes,"Bereikbaar Perron, voldoet niet",2019-05-03,,yes,yes,1,1,yes,3,3,Toegankelijk
TWL,8400599,Twello,52.2383161234,6.10065221786,NS,303,stoparea:18195,2,4,yes,,yes,true,2,2,0,0,0,1,2,some tracks connected,2026-09-29,,,,yes,2,2,yes,true,yes,"Bereikbaar Perron, voldoet niet",2019-05-03,,yes,yes,0,1,yes,2,2,Toegankelijk
UTG,8400615,Uitgeest,52.5216199255,4.7022369504,NS,2142,stoparea:18275,7,4,yes,,yes,true,3,3,0,0,2,0,6,some tracks connected,2026-09-29,2,VRIJ,,yes,7,7,yes,true,yes,Bereikbaar Perron,2019-05-03,,unknown,,2,1,yes,3,3,Toegankelijk
UHZ,8400617,Uithuizen,53.4095606322,6.67419433594,Arriva,186,stoparea:18299,1,2,yes,,yes,true,1,1,0,0,0,1,0,not modelled,2026-09-29,,,1,yes,1,1,yes,false,yes,Bereikbaar Perron,2019-05-03,,yes,yes,0,1,yes,1,1,Toegankelijk
UHM,8400618,Uithuizermeeden,53.4140627285,6.72040879726,Arriva,186,stoparea:18296,2,4,yes,,yes,true,2,2,0,0,0,2,4,all tracks connected,2026-09-29,,,3,yes,2,2,yes,false,yes,"Bereikbaar Perron, voldoet niet",2019-05-03,,unknown,,0,1,partial,2,1,Herstel|Toegankelijk
UST,8400619,Usquert,53.4010715416,6.60928755999,Arriva,186,stoparea:18005,2,4,yes,,yes,true,2,2,0,0,0,2,4,all tracks connected,2026-09-29,,,2,yes,2,2,yes,false,yes,"Bereikbaar Perron, voldoet niet",2019-05-03,,unknown,,0,1,partial,2,1,Herstel|Toegankelijk
UT,8400621,Utrecht Centraal,52.0894513306,5.10987102985,Arriva|European Sleeper|GoVolta|NS|NS International,9264,stoparea:17843,16,5,yes,,yes,true,16,16,0,0,18,1,103,all tracks connected,2026-09-29,18,VRIJ|VRIJ PRCB,12,yes,16,16,yes,true,yes,Bereikbaar Perron,2019-05-03,,yes,yes,18,1,partial,16,11,Herstel|Toegankelijk
UTLR,8400607,Utrecht Leidsche Rijn,52.0988704811,5.06512105465,NS,500,stoparea:18331,2,4,yes,,yes,true,2,2,0,0,2,0,5,all tracks connected,2026-09-29,2,VRIJ PRCB,,unknown,0,2,no,true,yes,Bereikbaar Perron,2019-05-03,,partial,limited,4,1,partial,2,1,Herstel|Toegankelijk
UTLN,8400623,Utrecht Lunetten,52.0658799131,5.14361590147,NS,798,stoparea:177837,2,2,yes,,yes,true,2,2,0,0,1,0,2,all tracks connected,2026-09-29,1,VRIJ PRCB,,yes,2,2,yes,true,yes,Bereikbaar Perron,2019-05-03,,yes,yes,1,1,yes,2,2,Toegankelijk
UTM,8400624,Utrecht Maliebaan,52.0878922661,5.13117313385,NS,46,stoparea:18271,1,2,yes,,yes,true,2,2,0,0,0,1,1,no tracks connected,2026-09-29,,,1,yes,1,1,yes,true,unknown,,,,yes,yes,0,1,yes,1,1,Toegankelijk
UTO,8400620,Utrecht Overvecht,52.1103072301,5.12517571449,NS,1438,stoparea:18273,3,4,yes,,yes,true,3,3,0,0,3,0,8,all tracks connected,2026-09-29,3,VRIJ,,yes,3,3,yes,true,yes,Bereikbaar Perron,2019-05-03,,yes,yes,3,1,yes,3,3,Toegankelijk
UTT,8400614,Utrecht Terwijde,52.1004522288,5.04108309746,NS,375,stoparea:18270,2,4,yes,,yes,true,2,2,0,0,2,0,4,all tracks connected,2026-09-29,2,VRIJ,,unknown,0,2,no,true,yes,Bereikbaar Perron,2019-05-03,,yes,yes,2,1,partial,2,1,Herstel|Toegankelijk
UTVR,8400606,Utrecht Vaartsche Rijn,52.0782617960317,5.12296864885402,NS,1290,stoparea:189107,4,4,yes,,yes,true,4,4,0,0,3,0,5,all tracks connected,2026-09-29,3,VRIJ,,yes,4,4,yes,true,yes,"Bereikbaar Perron, voldoet niet",2019-05-03,,yes,yes,3,1,yes,4,4,Toegankelijk
UTZL,8400613,Utrecht Zuilen,52.102913712,5.0895050168,NS,562,stoparea:18162,2,2,yes,,yes,true,2,2,0,0,1,0,2,all tracks connected,2026-09-29,1,VRIJ,,unknown,0,2,no,true,yes,Bereikbaar Perron,2019-05-03,,yes,yes,1,1,no,2,0,Nog te doen
VK,8400632,Valkenburg,50.8692041981,5.83277463913,Arriva,298,stoparea:18282,2,4,yes,,yes,true,3,3,0,0,0,3,6,all tracks connected,2026-09-29,,,,yes,2,2,yes,false,yes,Bereikbaar Perron,2019-05-03,,yes,yes,0,1,yes,3,3,Toegankelijk
VSV,8400635,Varsseveld,51.9373234191,6.45880758762,RRReis Arriva,131,stoparea:17977,2,4,yes,,yes,true,2,2,0,0,0,3,6,all tracks connected,2026-09-29,,,,yes,2,2,yes,true,yes,Bereikbaar Perron,2019-05-03,,unknown,,0,1,yes,2,2,Toegankelijk
VDM,8400636,Veendam,53.1052844297,6.88647508621,Arriva,225,stoparea:18070,1,2,yes,,yes,true,1,1,0,0,0,1,2,all tracks connected,2026-09-29,,,1,yes,1,1,yes,false,yes,Bereikbaar Perron,2019-05-03,,yes,yes,0,2,yes,1,1,Toegankelijk
VNDC,8400627,Veenendaal Centrum,52.0200763466,5.54905861616,NS,304,stoparea:18064,2,4,yes,,yes,true,2,2,0,0,0,2,7,all tracks connected,2026-09-29,,,,yes,2,2,yes,true,yes,"Bereikbaar Perron, voldoet niet",2019-05-03,,yes,yes,0,1,yes,2,2,Toegankelijk
VNDW,8400628,Veenendaal West,52.0282674849,5.53156793118,NS,304,stoparea:18058,2,4,yes,,yes,true,2,2,0,0,0,3,0,not modelled,2026-09-29,,,,yes,2,2,yes,true,yes,"Bereikbaar Perron, voldoet niet",2019-05-03,,yes,yes,0,1,yes,2,2,Toegankelijk
KLP,8400637,Veenendaal-De Klomp,52.0459352966,5.57396560907,NS,752,stoparea:17868,2,4,yes,,yes,true,2,2,0,0,0,2,0,not modelled,2026-09-29,,,,yes,2,2,yes,true,yes,Bereikbaar Perron,2019-05-03,,yes,yes,0,1,yes,2,2,Toegankelijk
VP,8400640,Velp,51.9950942656,5.98092913628,NS,128,stoparea:18084,2,4,yes,,yes,true,2,2,0,0,0,2,4,some tracks connected,2026-09-29,,,1,yes,2,2,yes,true,yes,Bereikbaar Perron,2019-05-03,,yes,yes,0,1,yes,2,2,Toegankelijk
VL,8400644,Venlo,51.3651057003,6.17127478123,Arriva|Eurobahn|NS|NS International,755,stoparea:18284,7,4,yes,,yes,true,4,4,0,0,2,1,4,all tracks connected,2026-09-29,2,VRIJ,,unknown,0,7,no,true,yes,Bereikbaar Perron,2019-05-03,,yes,yes,2,1,no,5,0,Herstel
VRY,8400646,Venray,51.5268451091,6.01389348507,Arriva,257,stoparea:18176,3,4,yes,,yes,true,3,3,0,0,0,2,5,all tracks connected,2026-09-29,,,,yes,3,3,yes,false,yes,Bereikbaar Perron,2019-05-03,,yes,yes,0,1,no,3,0,Nog te doen
VLB,8400647,Vierlingsbeek,51.5919690846,5.9970921278,Arriva,257,stoparea:18278,2,4,yes,,yes,true,2,2,0,0,0,4,7,all tracks connected,2026-09-29,,,2,yes,2,2,yes,false,yes,Bereikbaar Perron,2019-05-03,,yes,yes,0,1,no,2,0,Nog te doen
VTN,8400651,Vleuten,52.1026171549,5.00842452049,NS,375,stoparea:17855,2,4,yes,,yes,true,2,2,0,0,2,0,4,all tracks connected,2026-09-29,2,VRIJ,,yes,2,2,yes,true,yes,Bereikbaar Perron,2019-05-03,,yes,yes,2,1,yes,2,2,Toegankelijk
VS,8400652,Vlissingen,51.4441278741,3.5955709219,NS,798,stoparea:18286,3,4,yes,,yes,true,3,3,0,0,0,3,3,no tracks connected,2026-09-29,,,,yes,3,3,yes,true,yes,Bereikbaar Perron,2019-05-03,,unknown,,0,1,yes,3,3,Toegankelijk
VSS,8400653,Vlissingen Souburg,51.4648596839,3.59528660774,NS,639,stoparea:18297,2,4,yes,,yes,true,2,2,0,0,0,2,4,all tracks connected,2026-09-29,,,,yes,2,2,yes,true,yes,Bereikbaar Perron,2019-05-03,,yes,yes,0,1,yes,2,2,Toegankelijk
VDL,8400656,Voerendaal,50.886696,5.92961,Arriva,113,stoparea:18069,2,4,yes,,yes,true,2,2,0,0,0,2,4,all tracks connected,2026-09-29,,,,yes,2,2,yes,false,yes,"Bereikbaar Perron, voldoet niet",2019-05-03,,yes,yes,0,1,yes,2,2,Toegankelijk
VB,8400658,Voorburg,52.0666886919,4.35929372907,NS,372,stoparea:18277,2,2,yes,,yes,true,2,2,0,0,1,0,3,all tracks connected,2026-09-29,1,VRIJ,,unknown,0,2,no,true,yes,Bereikbaar Perron,2019-05-03,,unknown,,1,1,partial,2,1,Herstel|Toegankelijk
VH,8400655,Voorhout,52.2241207768,4.48449254036,NS,376,stoparea:18281,2,4,yes,,yes,true,2,2,0,0,0,2,4,all tracks connected,2026-09-29,,,,yes,2,2,yes,true,yes,Bereikbaar Perron,2019-05-03,,unknown,,0,1,yes,2,2,Toegankelijk
VST,8400659,Voorschoten,52.1262416276,4.43370893598,NS,1048,stoparea:17978,4,4,yes,,yes,true,4,4,0,0,2,1,7,all tracks connected,2026-09-29,2,VRIJ,,yes,4,4,yes,true,yes,Bereikbaar Perron,2019-05-03,,unknown,,2,1,yes,4,4,Toegankelijk
VEM,8400668,Voorst-Empe,52.1577461351,6.14354074001,RRReis Arriva,92,stoparea:17947,1,2,yes,,yes,true,1,1,0,0,0,1,2,all tracks connected,2026-09-29,,,,yes,1,1,yes,true,yes,Bereikbaar Perron,2019-05-03,,unknown,,0,1,yes,1,1,Toegankelijk
VD,8400661,Vorden,52.107154262,6.31756782532,RRReis Arriva,129,stoparea:18057,2,2,yes,,yes,true,2,2,0,0,0,2,2,all tracks connected,2026-09-29,,,,yes,2,2,yes,true,yes,Bereikbaar Perron,2019-05-03,,unknown,,0,1,yes,2,2,Toegankelijk
VZ,8400664,Vriezenveen,52.4019213912,6.60051941872,Blauwnet Arriva,77,stoparea:18290,1,2,yes,,yes,true,2,2,0,0,0,1,2,all tracks connected,2026-09-29,,,,yes,1,1,yes,false,yes,Bereikbaar Perron,2019-05-03,,unknown,,0,1,yes,1,1,Toegankelijk
VHP,8400666,Vroomshoop,52.4573594348,6.56962573528,Blauwnet Arriva,77,stoparea:17796,2,2,yes,,yes,true,2,2,0,0,0,1,2,all tracks connected,2026-09-29,,,,yes,2,2,yes,false,yes,Bereikbaar Perron,2019-05-03,,unknown,,0,1,yes,2,2,Toegankelijk
VG,8400667,Vught,51.6555970917,5.29214054346,NS,249,stoparea:18280,2,4,no,,no,false,2,0,2,0,2,2,4,no tracks connected,2026-09-29,2,VRIJ,,yes,2,2,yes,true,yes,Onbereikbaar Perron,2019-09-25,Perron-perron route niet toegankelijk. Aan de reizigerstunnel zitten enkel trappen.,unknown,,2,1,no,2,0,Nog te doen
WAD,8400675,Waddinxveen,52.0443384188,4.64986681938,R-net NS,138,stoparea:17846,2,2,yes,,yes,true,2,2,0,0,0,4,2,all tracks connected,2026-09-29,,,2,yes,2,2,yes,false,yes,Bereikbaar Perron,2020-07-21,,yes,yes,0,1,yes,2,2,Toegankelijk
WADN,8400674,Waddinxveen Noord,52.0553141522,4.64821457863,R-net NS,138,stoparea:18102,1,2,yes,,yes,true,1,1,0,0,0,1,2,all tracks connected,2026-09-29,,,1,yes,1,1,yes,false,yes,Bereikbaar Perron,2020-07-21,,yes,yes,0,1,yes,1,1,Toegankelijk
WADT,8400677,Waddinxveen Triangel,52.02678,4.64907,R-net NS,138,stoparea:264884,1,2,yes,,yes,true,1,1,0,0,0,1,1,no tracks connected,2026-09-29,,,1,yes,1,1,yes,false,yes,Bereikbaar Perron,2019-05-03,,yes,yes,0,1,yes,1,1,Toegankelijk
WFM,8400679,Warffum,53.3902518525,6.56668066978,Arriva,188,stoparea:17893,2,4,yes,,yes,true,2,2,0,0,0,2,4,all tracks connected,2026-09-29,,,2,yes,2,2,yes,false,yes,"Bereikbaar Perron, voldoet niet",2019-05-03,,unknown,,0,1,yes,2,2,Toegankelijk
WT,8400684,Weert,51.2487474211,5.70307910442,Arriva|NS,1648,stoparea:18053,3,2,yes,,yes,true,2,2,0,0,1,2,4,all tracks connected,2026-09-29,1,VRIJ,,yes,3,3,yes,true,yes,Bereikbaar Perron,2019-05-03,,unknown,,1,1,yes,2,2,Toegankelijk
WP,8400685,Weesp,52.3124601929,5.04355609417,NS,2188,stoparea:18093,4,4,yes,,yes,true,4,4,0,0,2,1,5,all tracks connected,2026-09-29,2,VRIJ,,unknown,0,4,no,true,yes,"Bereikbaar Perron, voldoet niet",2019-05-03,,partial,limited,2,1,partial,4,1,Herstel|Toegankelijk
WL,8400686,Wehl,51.9573859001,6.21393531561,RRReis Arriva,200,stoparea:18089,2,2,yes,,yes,true,2,2,0,0,0,1,2,all tracks connected,2026-09-29,,,,yes,2,2,yes,true,yes,Bereikbaar Perron,2019-05-03,,yes,yes,0,1,partial,2,1,Herstel|Toegankelijk
WTV,8400688,Westervoort,51.9634929655,5.96806526184,RRReis Arriva,205,stoparea:18210,2,4,yes,,yes,true,2,2,0,0,2,0,4,all tracks connected,2026-09-29,2,VRIJ,,unknown,0,2,no,true,yes,Bereikbaar Perron,2019-05-03,,unknown,,2,1,yes,2,2,Toegankelijk
WZ,8400690,Wezep,52.4535216762,6.00233316422,NS,418,stoparea:18097,2,4,yes,,yes,true,2,2,0,0,0,2,4,all tracks connected,2026-09-29,,,,yes,2,2,yes,true,yes,"Bereikbaar Perron, voldoet niet",2019-05-03,,unknown,,0,1,yes,2,2,Toegankelijk
WDN,8400691,Wierden,52.3613904471,6.59227967262,Blauwnet Keolis|NS,347,stoparea:18149,3,4,yes,,yes,true,3,3,0,0,2,3,9,all tracks connected,2026-09-29,2,VRIJ,,yes,3,3,yes,true,yes,"Bereikbaar Perron, voldoet niet",2019-05-03,,yes,yes,2,1,yes,3,3,Toegankelijk
WC,8400710,Wijchen,51.8112332637,5.72993338108,NS,440,stoparea:18080,3,4,yes,,yes,true,3,3,0,0,0,3,6,all tracks connected,2026-09-29,,,,yes,3,3,yes,true,yes,Bereikbaar Perron,2019-05-03,,unknown,,0,1,yes,3,3,Toegankelijk
WH,8400711,Wijhe,52.3911259437,6.14086389542,NS,386,stoparea:18087,2,4,yes,,yes,true,2,2,0,0,0,2,4,all tracks connected,2026-09-29,,,,yes,2,2,yes,true,yes,Bereikbaar Perron,2019-05-03,,yes,yes,0,1,yes,2,2,Toegankelijk
WS,8400696,Winschoten,53.1394131106,7.03460544348,Arriva,662,stoparea:18092,2,4,yes,,yes,true,2,2,0,0,0,1,4,all tracks connected,2026-09-29,,,3,yes,2,2,yes,false,yes,"Bereikbaar Perron, voldoet niet",2019-05-03,,yes,yes,0,1,yes,2,2,Toegankelijk
WSM,8400697,Winsum,53.3301361502,6.51989758015,Arriva,188,stoparea:17866,2,2,yes,,yes,true,2,2,0,0,1,0,2,all tracks connected,2026-09-29,1,VRIJ,1,yes,2,2,yes,false,yes,Bereikbaar Perron,2019-05-03,,yes,yes,1,1,no,2,0,Herstel
WW,8400698,Winterswijk,51.967729,6.71552,RRReis Arriva,260,stoparea:18049,2,2,yes,,yes,true,1,1,0,0,0,1,0,not modelled,2026-09-29,,,,yes,2,2,yes,true,yes,Bereikbaar Perron,2019-05-03,,yes,yes,0,1,no,1,0,Herstel
WWW,8400700,Winterswijk West,51.9747826474,6.70339822769,RRReis Arriva,129,stoparea:17813,1,2,yes,,yes,true,1,1,0,0,0,1,2,all tracks connected,2026-09-29,,,,yes,1,1,yes,true,yes,Bereikbaar Perron,2019-05-03,,yes,yes,0,1,yes,1,1,Toegankelijk
WD,8400702,Woerden,52.0850970204,4.89258527756,NS,1909,stoparea:18083,4,4,yes,,yes,true,4,4,0,0,5,0,8,all tracks connected,2026-09-29,4,PROJ PRCB,,unknown,0,4,no,true,yes,Bereikbaar Perron,2019-05-03,,yes,yes,4,1,partial,4,3,Herstel|Toegankelijk
WF,8400704,Wolfheze,52.005745262,5.79187631607,NS,85,stoparea:18082,3,4,unknown,,unknown,false,3,0,0,3,0,2,2,some tracks connected,2026-09-29,,,,unknown,0,3,no,false,no,Onbereikbaar Perron,2019-05-03,,partial,limited,0,1,no,3,0,Nog te doen
WV,8400705,Wolvega,52.879838635,6.004948318,NS,267,stoparea:18094,2,2,yes,,yes,true,2,2,0,0,0,1,7,all tracks connected,2026-09-29,,,1,yes,2,2,yes,true,yes,"Bereikbaar Perron, voldoet niet",2019-05-03,,unknown,,0,1,yes,2,2,Toegankelijk
WK,8400706,Workum,52.9722525479,5.45658677816,Arriva,73,stoparea:18086,2,2,yes,,yes,true,2,2,0,0,0,1,2,all tracks connected,2026-09-29,,,2,yes,2,2,yes,false,yes,"Bereikbaar Perron, voldoet niet",2019-05-03,,yes,yes,0,1,partial,2,1,Herstel|Toegankelijk
WM,8400707,Wormerveer,52.4892743989,4.79257375002,NS,1408,stoparea:18090,4,5,yes,,yes,true,4,4,0,0,3,0,7,all tracks connected,2026-09-29,3,VRIJ,,unknown,0,4,no,true,yes,Bereikbaar Perron,2019-05-03,,unknown,,3,1,partial,4,3,Herstel|Toegankelijk
ZD,8400731,Zaandam,52.4384469017,4.81383025646,NS,3639,stoparea:17996,4,4,yes,,yes,true,4,4,0,0,3,0,14,all tracks connected,2026-09-29,3,VRIJ,,unknown,0,4,no,true,yes,"Bereikbaar Perron, voldoet niet",2019-05-03,,yes,yes,4,1,partial,4,1,Herstel|Toegankelijk
ZDK,8400728,Zaandam Kogerveld,52.4567628717,4.81926977634,NS,594,stoparea:17905,2,4,yes,,yes,true,2,2,0,0,0,2,11,all tracks connected,2026-09-29,,,,unknown,0,2,no,true,yes,Bereikbaar Perron,2019-09-25,,yes,yes,0,1,no,2,0,Nog te doen
ZZS,8400364,Zaandijk Zaanse Schans,52.4691615516,4.80516135693,NS,1347,stoparea:194756,2,2,yes,,yes,true,2,2,0,0,3,4,7,all tracks connected,2026-09-29,3,VRIJ,,unknown,0,2,no,true,yes,Bereikbaar Perron,2019-05-03,,yes,yes,0,1,no,2,0,Herstel
ZBM,8400732,Zaltbommel,51.8078253545,5.26313245296,NS,384,stoparea:18032,2,4,yes,,yes,true,2,2,0,0,2,0,8,all tracks connected,2026-09-29,2,VRIJ,,yes,2,2,yes,true,yes,Bereikbaar Perron,2019-05-03,,yes,yes,2,1,yes,2,2,Toegankelijk
ZVT,8400733,Zandvoort aan Zee,52.3757694703,4.53125953674,NS,517,stoparea:17864,2,2,yes,,yes,true,2,2,0,0,1,1,9,all tracks connected,2026-09-29,1,VRIJ,,yes,2,2,yes,true,yes,Bereikbaar Perron,2019-05-03,,yes,yes,1,1,yes,4,4,Toegankelijk
ZA,8400734,Zetten-Andelst,51.9197682096,5.72335392237,RRReis Arriva,82,stoparea:18128,2,4,yes,,yes,true,2,2,0,0,0,3,5,all tracks connected,2026-09-29,,,1,yes,2,2,yes,true,yes,"Bereikbaar Perron, voldoet niet",2019-05-03,,unknown,,0,1,partial,2,1,Herstel|Toegankelijk
ZV,8400735,Zevenaar,51.9230369693,6.07310593128,RRReis Arriva|VIAS,257,stoparea:18003,3,4,yes,,yes,true,3,3,0,0,0,2,9,all tracks connected,2026-09-29,,,2,unknown,0,3,no,true,yes,Bereikbaar Perron,2019-05-03,,yes,yes,0,1,yes,3,3,Toegankelijk
ZVB,8400737,Zevenbergen,51.6413925608,4.60995286703,NS,141,stoparea:17872,2,4,yes,,yes,true,2,2,0,0,0,2,4,all tracks connected,2026-09-29,,,,yes,2,2,yes,true,yes,Bereikbaar Perron,2019-05-03,,unknown,,0,1,yes,2,2,Toegankelijk
ZTM,8400741,Zoetermeer,52.0476145962,4.47682678699,NS,372,stoparea:18246,2,4,yes,,yes,true,2,2,0,0,2,1,6,all tracks connected,2026-09-29,2,VRIJ,,unknown,0,2,no,true,yes,Bereikbaar Perron,2019-05-03,,yes,yes,6,1,no,2,0,Herstel
ZTMO,8400740,Zoetermeer Oost,52.0464466814,4.49200540781,NS,372,stoparea:18244,2,2,yes,,yes,true,2,2,0,0,0,1,2,all tracks connected,2026-09-29,,,,yes,2,2,yes,true,yes,Bereikbaar Perron,2019-05-03,,unknown,,0,1,yes,2,2,Toegankelijk
ZB,8400742,Zuidbroek,53.1595511676,6.86798393726,Arriva,557,stoparea:17999,3,4,yes,,yes,true,3,3,0,0,0,2,3,some tracks connected,2026-09-29,,,2,yes,3,3,yes,false,yes,Bereikbaar Perron,2019-05-03,,yes,yes,0,1,yes,3,3,Toegankelijk
ZH,8400743,Zuidhorn,53.2481369778,6.40636503696,Arriva,533,stoparea:18002,3,4,yes,,yes,true,3,3,0,0,0,4,4,all tracks connected,2026-09-29,,,4,yes,3,3,yes,false,yes,"Bereikbaar Perron, voldoet niet",2019-05-03,,yes,yes,0,1,yes,3,3,Toegankelijk
ZP,8400744,Zutphen,52.1445636697,6.19427740574,Blauwnet Arriva|NS|RRReis Arriva,847,stoparea:18004,6,4,yes,,yes,true,3,3,0,0,2,0,17,some tracks connected,2026-09-29,3,VRIJ|VRIJ PRCB,,unknown,0,6,no,true,yes,"Bereikbaar Perron, voldoet niet.",,,yes,yes,2,1,no,3,0,Herstel
ZWD,8400752,Zwijndrecht,51.8157054426,4.64083850384,NS,1042,stoparea:18267,4,5,yes,,yes,true,4,4,0,0,3,4,9,all tracks connected,2026-09-29,3,PROJ PRCB,,yes,4,4,yes,true,yes,"Bereikbaar Perron, voldoet niet.",,,unknown,,3,1,yes,4,4,Toegankelijk
ZL,8400747,Zwolle,52.5055611557,6.09058320522,Arriva|Blauwnet Arriva|Blauwnet Keolis|NS|NS International,2871,stoparea:18000,15,5,yes,,yes,true,14,14,0,0,6,1,35,all tracks connected,2026-09-29,9,VRIJ,,unknown,0,15,no,true,yes,Bereikbaar Perron,,,yes,yes,10,1,partial,14,12,Herstel|Toegankelijk
ZLSH,8400746,Zwolle Stadshagen,52.5279,6.051,Blauwnet Keolis,108,stoparea:235574,1,2,yes,,yes,true,1,1,0,0,0,0,0,not modelled,2026-09-29,,,1,yes,1,1,yes,true,yes,Bereikbaar Perron,,,yes,yes,0,1,yes,1,1,Toegankelijk
